0,0,0
1.94745e-06,0.00369217,0.000351636
0.967026,2.44382,0.251314
3.00536,2.72413,0.640066
1.76486,1.26082,0.847003
-0.0455342,-0.0409584,0.84117
-0.888878,-1.23592,0.696055
-0.760458,-1.60898,0.526362
-0.478651,-1.77527,0.351027
0.0321096,0.084304,0.359618
-0.208266,-1.59112,0.206641
-0.0448304,-1.17897,0.0942183
0.0222272,-0.843437,0.0138414
-0.0314513,0.00670977,359.924
0.0187522,-0.004085,359.926
-0.0166066,0.00355925,359.924
0.0248602,-0.00544419,359.927
-0.0155818,0.00335504,359.925
-0.0980393,0.0197267,359.916
-0.123776,0.0232038,359.904
-0.160632,0.02725,359.888
-0.170564,0.0259817,359.872
-0.185542,0.0247619,359.854
-0.221725,0.0244266,359.833
0.0074386,-0.000907599,359.833
-0.198813,0.0184452,359.814
-0.166019,0.0130142,359.799
-0.17167,0.0105878,359.782
-0.147795,0.00719255,359.768
-0.166818,0.00531374,359.752
-0.0986741,0.00253434,359.743
-0.237946,-0.000861037,359.72
-0.0683383,-0.000140928,359.714
-0.0798259,-0.000815083,359.706
-0.030113,-0.000322182,359.703
-0.0730236,-0.00143885,359.696
-0.0980554,-0.00296511,359.687
-0.0711962,-0.00254443,359.68
-0.0233327,-0.000832444,359.678
-0.0510494,-0.00213803,359.673
-0.0641606,-0.00312076,359.667
-0.0554837,-0.00296864,359.662
-0.0428073,-0.00243978,359.657
-0.0369624,-0.00222663,359.654
-0.0656394,-0.004459,359.648
-0.0027871,-0.000181644,359.647
-0.0410655,-0.00291432,359.643
-0.0276266,-0.00201568,359.641
-0.0152168,-0.00112284,359.639
-0.0432314,-0.00342891,359.635
-0.0315832,-0.00258264,359.632
-0.279719,-0.0338272,359.605
-0.0229866,-0.00254381,359.603
-0.0395447,-0.00455954,359.599
-0.0146527,-0.00169264,359.598
-0.0373404,-0.00449025,359.594
-0.000353427,-4.18766e-05,359.594
-0.00525766,-0.000626871,359.594
-0.0311933,-0.00385345,359.591
-0.0233162,-0.00292444,359.589
-0.0391444,-0.00508937,359.585
0.00319466,0.000407723,359.585
0.0202797,0.00253101,359.587
0.00224916,0.00028217,359.587
0.0055953,0.000698148,359.588
-0.0220455,-0.00282727,359.586
-0.00414728,-0.000529946,359.585
-0.00279068,-0.000357117,359.585
-0.0428395,-0.00574537,359.581
-0.00283798,-0.000375853,359.581
-0.0065686,-0.000875431,359.58
-0.00245345,-0.000327136,359.58
0.0022914,0.000304462,359.58
0.0181524,0.00236572,359.582
-0.00395037,-0.000520721,359.582
-0.00778232,-0.00103308,359.581
-0.0190572,-0.00257537,359.579
-0.0244939,-0.00337557,359.577
0.00299526,0.000407849,359.577
-0.0301602,-0.00424559,359.574
0.00139152,0.0001935,359.574
-0.0458746,-0.00669342,359.57
-0.00699009,-0.00101141,359.569
0.0451773,0.00622178,359.573
-0.00596424,-0.000839759,359.573
-0.0108875,-0.00154718,359.572
-0.000970375,-0.000137534,359.572
-0.0212639,-0.00307935,359.57
0.00213883,0.000306805,359.57
0.0107579,0.00152709,359.571
0.0034183,0.000485337,359.571
-0.0131963,-0.00190117,359.57
-0.00234127,-0.000336647,359.57
-0.100333,-0.015905,359.56
0.019879,0.00299409,359.562
-0.0292601,-0.00456241,359.559
0.0354045,0.00528279,359.563
-0.00948795,-0.00144563,359.562
0.0763519,0.0107384,359.569
-0.0090408,-0.00131742,359.568
-0.00948338,-0.00139108,359.567
-0.00181984,-0.000266605,359.567
-0.0075601,-0.00111533,359.566
0.0357326,0.00507004,359.57
0.0322899,0.00448409,359.573
0.0222858,0.0030574,359.575
-0.0248473,-0.00352632,359.573
-0.013694,-0.00195454,359.571
-0.0102721,-0.00147477,359.57
0.0307309,0.00425708,359.573
-0.0221662,-0.00317619,359.571
-0.0263281,-0.00384637,359.569
-0.00914155,-0.00133581,359.568
0.0182633,0.00261182,359.569
-0.029784,-0.00441626,359.567
-0.0054868,-0.000809969,359.566
0.0264117,0.00378865,359.569
-0.0144918,-0.00212891,359.567
0.0251261,0.00357997,359.57
-0.00331065,-0.000477477,359.569
-0.11849,-0.0191467,359.558
-0.000395177,-6.15691e-05,359.558
-0.00256248,-0.000400118,359.558
0.0238065,0.00363024,359.56
0.00677171,0.00103388,359.561
-0.00563765,-0.000867429,359.56
-0.0106841,-0.00165791,359.559
-0.0167708,-0.00263494,359.557
0.052446,0.00779122,359.562
-0.014855,-0.00227776,359.561
-0.0145751,-0.00225579,359.56
0.0132196,0.00201048,359.561
0.0240747,0.00359149,359.563
-0.0124974,-0.00190222,359.562
-0.0128113,-0.00196639,359.561
0.0172861,0.00259764,359.562
-0.00782136,-0.00119097,359.562
0.0048069,0.000726698,359.562
0.000821099,0.000124235,359.562
0.0127986,0.0019125,359.563
0.0291111,0.00424388,359.566
-0.0286381,-0.00433751,359.563
0.0438921,0.00630022,359.568
0.026122,0.00370561,359.57
0.00324879,0.000463596,359.57
0.0260214,0.00361764,359.573
-0.000294913,-4.13858e-05,359.573
-0.00410979,-0.000579167,359.573
0.00389277,0.000545676,359.573
-0.252841,-0.0450003,359.548
0.0304528,0.00489891,359.551
0.0194763,0.00310631,359.553
-0.000742342,-0.000119187,359.553
0.0306465,0.00477955,359.556
0.00386616,0.000606582,359.557
0.0192681,0.00297189,359.558
0.0296729,0.00447478,359.561
-0.0217747,-0.00338504,359.559
-0.00738242,-0.00114788,359.558
0.0142487,0.00218034,359.56
0.0220764,0.00332093,359.562
0.00738495,0.00111091,359.563
0.0145882,0.00216854,359.564
0.0274386,0.00398724,359.567
0.00775816,0.00112883,359.567
0.0129243,0.00186118,359.569
-0.0154972,-0.0022766,359.567
-0.00965621,-0.00142516,359.566
-0.00135903,-0.000200155,359.566
0.0267456,0.00383237,359.569
0.049215,0.007075,359.569
0.213566,0.0274819,359.579
0.115773,0.0109661,359.605
-0.309778,-0.0474701,359.575
-0.363863,-0.0700086,359.54
-0.929969,-0.300008,359.447
-0.223748,-0.086465,359.378
-0.726957,-0.287882,359.35
-0.353437,-0.157034,359.313
0.0129357,0.00543349,359.314
0.113533,0.0454621,359.326
1.29682,0.446764,359.362
-1.37969,-0.625143,359.312
-0.509625,-0.266938,359.257
-1.45777,-1.32231,359.07
-0.777594,-5.37102,358.547
5.09041,-4.96284,357.745
9.19835,0.143418,356.952
-0.297941,12.8435,355.635
-7.77346,6.49384,354.628
-3.75553,-15.2189,352.943
14.193,-4.37247,351.372
3.88163,13.1885,349.793
-8.75996,9.76278,348.588
-9.02914,-11.8128,347.015
2.58371,-10.8141,345.899
7.8625,-4.70755,344.995
3.76418,-1.02294,344.512
2.78093,-0.736361,344.346
1.16038,-0.203105,344.234
0.973786,-0.087574,344.141
0.893646,-0.00763539,344.056
-0.520115,-0.0244147,343.99
1.89469,0.217491,343.923
1.02397,0.241153,343.823
0.442975,0.111413,343.78
0.941306,0.363905,343.684
-0.930216,-0.344493,343.661
1.28841,0.492138,343.647
-0.263691,-0.0868068,343.673
0.285629,0.112472,343.644
0.42209,0.191926,343.6
-0.145498,-0.0584959,343.615
-1.22847,-0.626667,343.56
2.36744,1.50508,343.479
-1.16053,-0.422432,343.596
0.109017,0.0493458,343.585
-1.52318,-0.304384,343.733
-5.38603,-0.0128264,343.912
2.50049,-0.129457,344.008
-2.00387,0.629501,344.209
-1.51979,0.724747,344.369
-1.98985,1.8793,344.631
-2.59524,8.09775,345.054
0.0866755,-1.04569,345.346
1.16452,3.5927,345.708
1.12814,2.15931,345.94
2.62236,2.25197,346.271
7.72308,2.58133,346.639
-0.91298,-0.0183842,346.964
3.28568,-1.06469,347.294
2.42638,-1.51454,347.567
0.449028,-0.241975,347.616
-0.558422,0.225582,347.559
4.56871,0.244332,347.248
1.65794,0.179695,347.108
-2.72153,-6.12507,346.365
-0.341152,-0.674398,346.151
4.28017,1.69441,346.563
-1.44731,-1.89233,346.34
0.191226,0.155668,346.422
-0.843812,-0.799949,346.399
-9.18293,-6.15808,346.503
0.770025,0.437194,346.587
-1.25625,-0.833575,346.569
0.713823,0.529147,346.528
-0.951763,-1.01219,346.396
-0.824626,-1.16205,346.26
-0.647896,-1.22286,346.128
-0.519081,-2.14101,345.918
1.90737,-7.3695,345.521
-0.40093,2.87145,345.465
0.951553,-2.05136,345.249
2.38547,-2.30573,344.931
1.77885,-1.25735,344.724
7.96393,-1.14422,344.339
-3.82708,1.32596,344.338
-1.40645,0.908303,344.498
6.20978,4.55271,343.747
1.73189,1.0557,343.554
4.03775,7.78409,343.126
-4.17474,-3.59823,343.237
0.936308,3.79722,342.863
0.228142,2.29353,342.643
-0.0177623,1.54306,342.496
-1.36715,6.20505,342.31
0.907075,-1.8141,342.083
-1.24903,1.65357,341.885
-2.55723,1.68785,341.593
-3.67277,0.71562,341.234
-2.67197,-0.0299538,340.979
-7.13332,-2.46327,340.68
6.82797,-1.22278,340.92
-3.45275,-1.9407,340.54
-2.21397,-5.5937,339.959
-0.464451,-3.76256,339.596
-0.295189,-5.23281,339.431
0.00856006,-0.142395,339.298
0.096234,-9.28879,339.287
1.10106,-3.66368,339.096
4.35438,-3.92893,338.669
6.45541,-0.642843,338.103
0.205315,-0.103847,338.161
-1.86537,1.96841,338.409
-1.65726,2.41171,338.596
0.259987,-0.220832,338.482
0.0969911,-0.0751165,338.414
-10.6369,7.88428,338.377
-0.859039,0.958917,338.5
-0.691033,0.963019,338.613
-0.729296,1.60254,338.781
-0.628317,1.91859,338.911
1.33628,-1.88217,338.753
0.479646,-0.6287,338.678
-0.534365,1.16111,338.8
-0.37567,1.12195,338.913
-1.26116,3.14314,338.911
-0.0192221,-0.367681,339.2
0.435598,2.05685,339.4
0.17858,0.78557,339.477
1.59584,2.36365,339.75
4.28887,4.47242,339.954
-1.49479,-0.990911,340.17
2.56364,0.814931,340.427
2.60418,0.163,340.676
2.8497,-0.675228,340.956
6.41915,-4.43539,341.297
-0.860392,0.988129,341.577
1.19255,-3.44127,341.926
0.24768,-2.94845,342.208
-0.733325,-3.10285,342.513
-2.75499,-3.29031,342.925
-6.52775,-4.2949,343.257
3.18127,5.76801,343.044
-3.74366,-1.4986,343.43
-5.96926,8.24551,344.443
-2.09713,3.08794,344.8
-1.61866,7.54952,345.176
-0.0875081,0.282295,345.242
-3.29772,8.1522,345.208
1.28874,6.13184,345.591
5.82554,4.38236,346.198
7.0128,0.890923,346.746
3.92373,-0.459775,347.09
3.78659,-2.48281,347.514
-3.10761,-0.0143908,347.266
-15.5202,4.41844,347.371
0.325137,-0.0943998,347.409
2.65676,-5.18987,347.966
-7.35652,17.8583,350.3
-18.4065,-1.13999,354.439
9.04332,-15.6314,358.652
3.73007,-6.18516,6.09163
9.74197,2.60374,13.3756
-0.680993,-4.52627,19.2189
-0.961954,-17.0241,21.1047
0.932025,-1.17116,27.5307
-1.40096,0.931025,33.6535
-15.1789,8.79095,35.6533
-2.59766,-0.247348,35.9067
2.94389,3.76758,35.4494
0.487808,0.479296,35.3843
-0.0385161,-0.0376441,35.3643
-5.22516,-0.197926,35.8484
1.97785,1.333,35.6397
0.176385,0.100443,35.6203
-5.73014,2.36002,36.2194
11.6821,9.3289,37.8038
10.7229,2.53645,38.6264
0.979391,0.114478,38.9778
1.26152,0.140157,39.0988
2.49139,-0.485245,39.3411
-0.617042,-0.0104751,39.2823
-1.14058,-0.175325,39.1724
1.23588,-7.92915,38.0871
10.8363,16.8261,36.1155
15.4915,-12.8584,32.3971
10.319,-0.407122,30.7221
8.77866,5.31904,25.5855
9.15791,-2.83214,24.4364
-9.90158,-17.7984,21.0503
-2.21644,-8.52579,21.8471
-9.78748,-10.0488,20.3636
-16.0579,11.4603,22.909
-4.47693,21.5154,22.1603
-0.0414286,1.20406,22.0246
3.27332,-18.6882,19.7923
-7.38384,19.7884,16.8313
18.8519,3.42095,12.8211
-9.94992,17.5165,10.2125
0.566427,4.30747,9.77452
16.806,11.0481,12.2952
0.793668,3.39683,12.629
3.15752,-3.88744,12.1325
-0.0906771,0.214067,12.1546
1.89486,-1.48107,11.8242
-0.2649,0.468353,11.9758
6.88586,0.153173,11.3075
-2.58288,3.90333,11.757
-0.896141,1.38912,11.9146
-1.97194,3.56407,12.0122
2.32762,-2.99598,11.9413
1.50078,-1.19268,11.7585
-1.04966,1.98417,11.9727
-0.602514,2.19414,12.1898
-0.218512,6.25833,12.4176
1.9045,-5.02513,12.2753
7.28549,-1.44105,11.5523
2.87595,8.58518,12.4438
2.10185,3.81206,12.8615
-0.656917,6.62703,12.5989
0.0759295,-0.130992,12.227
6.50838,-0.685138,11.476
0.0662069,-0.0233228,11.3815
17.5269,13.5397,10.6857
0.617958,0.265623,10.6216
1.02967,6.90133,9.92247
-1.13519,5.06979,9.44382
-7.3756,-14.6795,7.64713
0.55786,20.929,4.6612
5.16318,-20.3083,359.529
1.02714,0.0372063,353.344
-7.85906,-11.8941,348.554
7.15526,-17.5174,346.31
6.15232,-0.35193,340.622
17.2236,-0.262508,338.698
-0.627824,15.9315,330.69
-4.05049,-0.633429,331.085
16.295,-12.6581,321.289
1.93789,0.866924,315.208
16.6128,3.22122,307.051
10.3179,-15.8638,303.028
15.2289,-5.53532,301.256
8.03388,-0.415175,300.468
5.87857,3.79445,299.789
-2.80488,10.2998,298.72
-10.9288,1.90968,297.609
-7.35015,-7.4561,296.595
8.62112,-9.75141,295.255
-2.20393,-18.6284,291.181
1.50348,-4.21312,291.611
-13.5858,-0.25147,280.451
-0.962278,-0.601365,274.276
14.9424,-14.799,271.017
4.8237,-7.80312,270.088
0.365379,-1.24882,269.957
2.321,4.35822,270.43
-0.158632,-0.667085,270.417
1.04768,-3.52883,270.065
1.29107,-2.36931,269.807
4.39467,5.59019,270.498
6.78669,-5.09284,269.666
0.838962,-1.00061,269.541
3.33885,-0.154781,268.949
7.21877,8.07773,268.159
2.04604,4.13647,267.716
0.635998,1.20274,267.587
0.467519,1.23074,267.461
-3.68851,3.21912,266.608
18.6361,-9.48798,257.782
5.37879,-14.1101,246.953
-3.30755,-9.24467,241.721
-0.485002,-2.53675,229.402
6.58274,18.0445,219.119
7.52143,3.32479,212.04
0.489542,10.9538,206.845
-18.0159,-11.1292,203.668
-5.63707,17.6616,205.913
7.66485,10.5011,207.288
5.16026,-1.64938,208.58
-0.575037,-7.91066,207.805
0.160894,0.289554,207.837
3.64107,1.92796,208.231
0.993918,0.569975,208.341
-1.88766,-1.06895,208.381
-3.76544,-7.42355,208.003
6.93437,-3.5408,208.926
-3.07362,-0.427838,208.827
12.3924,-9.87581,209.335
1.16273,-0.925566,209.504
-4.67396,-8.97087,210.479
16.9892,-11.601,214.025
-5.36093,19.3255,211.486
7.63368,-19.5139,214.76
11.9674,15.5866,218.631
-2.17119,1.81359,225.185
-19.6345,-5.38804,228.821
-0.265925,0.402229,228.775
20.6357,0.0329054,232.29
-0.16291,17.5703,236.598
0.592123,0.502425,242.807
0.39651,5.75947,248.533
16.2039,11.5807,251.029
-18.6731,-9.53068,254.055
-0.37157,-16.4679,258.535
-18.7804,8.76,261.351
16.1832,10.6805,263.705
7.48595,13.2929,262.078
-4.20869,7.95751,262.964
16.1184,-5.06926,264.834
-12.8957,-12.1451,266.845
-12.6567,6.71408,268.344
12.937,10.3573,270.163
11.8031,-6.41736,271.552
-4.62551,-12.7737,272.961
-0.188604,-2.91608,273.242
-0.374054,-1.8599,273.426
-0.0169075,0.90133,273.342
-0.0490204,0.683351,273.279
-0.00184085,-0.301003,273.309
-7.88987e-07,-0.0650136,273.315
-0.000160619,-0.0460074,273.32
-0.0166924,-0.336866,273.352
-0.00637529,-0.124284,273.364
6.89459e-05,0.00152815,273.364
-0.00338873,-0.0625896,273.37
0.00449992,0.156257,273.355
-0.0359814,-0.389512,273.392
-0.00438241,-0.053839,273.397
0.00268308,0.03647,273.394
-0.00101299,-0.0131179,273.395
0.00296058,0.0419745,273.391
-0.00449169,-0.0557283,273.396
-0.00696343,-0.0780867,273.404
-0.0207801,-0.185045,273.422
0.000435656,0.00424218,273.421
-0.0352345,-0.252039,273.445
-0.019893,-0.135019,273.458
-0.0207396,-0.129709,273.471
0.0398917,0.464145,273.426
0.00616723,0.07914,273.406
0.00810113,0.529394,273.358
-0.0591864,0.781289,273.281
-4.32904,3.71083,272.731
-8.16026,-2.14152,271.905
-3.3985,-8.44413,271.008
0.998857,-6.6245,270.354
0.206687,-1.96164,270.166
0.184524,1.17433,270.277
0.0355675,0.257301,270.302
-0.0104227,-0.781297,270.228
0.00758303,0.113339,270.238
0.016457,-0.616227,270.18
0.00174585,-0.120203,270.168
0.0289994,-0.420004,270.128
0.026103,-0.288387,270.1
0.00474322,-0.0559991,270.095
0.039917,-0.330981,270.07
0.806704,-1.89645,269.873
7.154,-1.46164,269.163
6.30125,6.98554,268.234
-15.2436,3.70589,266.547
17.9517,-8.69177,264.031
11.0331,10.8122,262.376
-8.50937,11.5217,260.869
-10.0043,10.2456,262.37
3.47869,2.05703,261.983
0.068925,0.0252259,261.976
-0.500405,-0.140158,262.025
-0.479081,-0.110956,262.072
0.287114,0.0868812,262.043
1.4771,0.852524,261.881
0.336338,0.182353,261.844
0.403324,0.245071,261.799
0.565309,0.406149,261.733
0.244805,0.179716,261.704
0.355184,0.289749,261.661
0.193169,0.16652,261.628
-0.585313,-0.373276,261.713
-5.66964,1.34792,262.275
-3.68025,2.46141,262.7
-1.54754,1.19264,262.886
-1.54904,2.1174,263.137
-2.41,4.24932,263.298
-0.00624798,0.91611,263.69
-0.0196454,1.31775,263.816
0.1958,-0.913411,263.727
0.36263,2.25115,263.945
2.66074,5.98462,264.19
-0.784991,-4.88545,264.099
0.187438,-2.05782,263.902
0.285212,1.36109,264.034
-0.0340732,-0.441919,263.992
-0.341533,2.64842,263.841
2.92172,-6.27277,263.586
-0.0268592,0.0883922,263.594
1.61386,-2.03247,263.347
3.03877,-1.74309,263.011
-3.20342,2.54139,263
-1.31919,2.30074,263.249
3.08823,-3.57719,263.204
-0.813431,2.41536,263.447
0.209181,-0.375772,263.406
-0.254148,0.613806,263.47
-0.443855,6.8526,263.709
-0.0230825,0.236694,263.767
-0.136877,0.279949,263.548
0.0644263,3.58677,263.791
0.475044,3.79785,263.942
4.37755,4.24683,264.444
4.35464,2.3004,264.8
-0.720919,-0.960659,264.625
-0.888176,-2.9586,264.332
2.31202,1.70564,264.663
-0.39406,-0.379503,264.686
2.30764,0.880751,264.962
-9.41904,-4.60882,264.994
-0.463848,-7.08404,264.304
-11.7193,16.9895,261.534
18.3407,6.69451,257.638
0.511575,-1.93249,251.164
4.03095,4.58238,245.471
9.41218,-3.37983,252.747
-1.49251,-0.598839,233.744
-7.40079,-13.0703,222.771
20.7144,3.07501,213.436
2.7849,-2.88279,206.769
6.46024,11.6097,199.114
11.8832,-17.1597,195.82
-1.14348,-5.65868,195.259
5.22645,1.60247,195.788
-1.52873,-2.08835,195.536
4.40259,0.756522,195.965
0.882401,0.229313,196.052
-0.538575,-0.215465,195.997
-0.649219,-0.318637,195.928
-0.632233,-0.367299,195.858
-0.492444,-0.319364,195.802
-0.286545,-0.196086,195.767
-0.429362,-0.333374,195.715
-0.437024,-0.381118,195.66
-0.462483,-0.460043,195.598
-0.255547,-0.232565,195.607
-1.00783,-1.62947,195.424
5.05004,18.7016,193.075
16.7685,5.36128,188.769
-18.5292,-8.81801,185.149
-3.63789,-16.1479,183.339
5.70314,-9.53548,182.229
0.980353,2.42381,182.474
3.36151,2.7564,182.889
0.766637,0.70734,182.988
-0.159921,-0.174403,182.966
-0.488233,-0.661402,182.887
-0.600901,-1.11621,182.767
-0.300591,-0.611451,182.702
-0.232978,-0.543686,182.645
-0.181419,-0.482989,182.596
-0.185217,-0.616331,182.535
-0.141967,-0.591045,182.477
-0.0931966,-0.468199,182.432
-0.081131,-0.623586,182.372
0.0230375,0.128116,182.384
-0.0513841,-0.630425,182.324
-0.0141456,-0.620461,182.265
0.105388,-1.05661,182.164
0.0866735,-0.621767,182.104
0.0888098,-0.489079,182.056
0.146632,-0.591428,181.998
0.051671,-0.164437,181.938
0.431238,-0.967246,181.841
9.86061,4.44221,180.759
-2.52479,1.51187,181.041
-3.13866,13.8092,179.578
-14.276,-3.68659,178.024
-2.23914,-12.3123,176.747
1.31843,0.773838,176.895
1.06936,0.498286,177.008
-0.0867465,-0.0481177,176.998
-0.40293,-0.258313,176.953
-0.330898,-0.228703,176.914
-0.561754,-0.463322,176.845
-0.510224,-0.480203,176.778
0.0596937,0.0513583,176.786
-0.434253,-0.450374,176.726
-0.610685,-0.797661,176.63
-0.361806,-0.516376,176.57
-0.340433,-0.558011,176.508
-0.24961,-0.451234,176.459
-0.269463,-0.573422,176.399
-0.180239,-0.421629,176.355
-0.208931,-0.600165,176.294
-0.171579,-0.608141,176.234
0.0378993,0.113528,176.246
-0.143013,-0.62533,176.185
-0.0897214,-0.842659,176.085
1.04179,-3.14694,175.768
4.08984,-3.18372,175.269
-0.469182,3.68331,175.625
0.117764,2.45781,175.86
3.27148,5.95388,176.241
-0.375799,-0.52183,176.449
2.88625,1.8156,176.775
-0.998728,-1.49461,176.604
4.83451,0.912585,177.077
8.83291,-4.25362,177.658
-0.983032,0.592435,177.914
2.17474,-3.07628,178.275
1.07637,-2.6645,178.55
-1.34083,-5.18822,179.066
-6.02704,-6.86645,179.549
1.13877,0.990672,179.8
-3.3865,-1.15192,180.143
-2.21912,-0.395595,180.358
-4.64551,2.34316,180.858
-5.80054,5.36957,181.212
8.94199,4.12982,182.638
9.55863,-4.2695,183.681
2.41583,-13.9949,184.682
-0.202005,-1.38281,185.227
-1.88507,-3.70492,185.625
-1.66632,-2.14482,185.885
-7.08339,-0.0553683,186.573
-8.29492,9.23805,187.367
-0.190922,0.413057,187.831
0.55338,5.29528,188.343
5.3205,7.54751,188.854
4.64374,-0.0234357,187.571
-17.5831,3.93395,185.193
-6.59058,2.29123,184.476
-4.18193,-10.2385,183.225
0.855086,-13.6217,184.603
18.9635,7.18832,181.72
7.38854,5.98161,182.642
8.73077,-1.68287,183.53
-2.96335,-2.48925,183.233
-1.23126,-0.912029,183.175
-1.64848,-1.95868,183
-0.307682,-5.95893,182.509
2.54463,-5.28095,182.012
0.667678,-1.62783,181.886
6.96345,-12.2744,181.76
2.7432,-2.00279,181.435
7.35364,2.72796,180.669
-18.5701,-4.56104,178.396
16.8609,-9.42253,176.044
-10.3742,-16.557,172.152
16.8131,12.6288,169.005
8.32352,6.41243,167.947
1.85939,-20.8875,164.832
16.7943,10.1539,168.726
5.29516,0.636311,168.212
3.58146,1.63693,167.835
-0.0353821,-0.00846664,167.839
2.80339,4.85008,167.299
0.0498697,0.0578904,167.243
0.594912,5.07269,166.829
-1.81943,-2.0761,167.092
-9.83184,2.59331,167.919
1.00866,10.6198,167.039
-8.43423,2.10245,167.893
-3.50553,1.29702,168.251
-6.08371,3.37948,168.472
2.31361,4.84248,167.457
-7.1289,8.62962,168.456
2.14263,0.16697,168.15
3.48378,5.86415,167.41
1.07157,4.0933,166.977
0.450082,1.69402,166.835
0.00519524,0.012046,166.886
0.403645,1.35706,166.824
-0.860977,4.07005,166.472
-2.54153,3.68573,166.091
-8.57507,9.38252,165.873
0.108113,-0.156617,165.891
0.319737,-0.556415,165.952
-1.57813,-5.5192,166.506
-6.62848,-3.43859,167.233
-7.96142,6.20082,168.236
2.62767,0.603527,167.978
-0.523082,10.7802,169.058
5.21309,6.70521,169.89
4.47976,2.82022,170.4
-0.963699,-2.72338,170.124
2.68141,1.91452,170.439
5.36431,0.014339,170.956
3.3296,-0.76598,171.281
-0.91047,-0.0578598,171.196
2.27702,-0.752358,171.423
-3.67082,-1.37054,171.047
-0.295312,-0.0638138,171.018
-0.722677,-0.226325,170.948
-0.519908,-0.188304,170.896
-0.226244,-0.0840342,170.873
-0.852827,-0.445794,170.781
-0.446205,-0.24889,170.732
-0.429794,-0.324057,170.625
-0.23008,-0.139803,170.655
1.99121,0.926803,170.739
-0.994902,-1.66423,170.37
-2.16316,-4.99267,170.16
-0.414274,-2.31529,169.935
9.8274,-2.17901,170.935
3.88577,-1.21801,171.325
0.734241,-0.163601,171.399
0.97786,-0.331426,171.495
0.08229,-0.0246376,171.504
-1.33628,0.127225,171.376
-0.663755,0.0424419,171.312
0.509487,-0.0871345,171.362
2.78488,-6.39009,172.038
-13.9745,10.6305,174.019
17.7559,4.92001,176.159
-0.972442,-17.5178,178.137
-3.98832,-11.6331,183.169
10.1095,16.6251,187.084
13.2371,7.72349,188.72
-0.0986834,-17.6887,190.669
4.78439,-14.5574,189.008
5.28679,-13.4314,190.511
-5.33305,-8.13993,189.554
-0.0299561,-0.0170444,189.551
-0.61145,-0.442695,189.477
-1.44018,-1.96625,189.244
7.03792,-1.66659,189.947
-2.24598,-1.17527,189.705
-1.82282,-1.54543,189.477
5.62494,-8.74368,190.536
-0.783272,0.338001,190.495
0.508683,-7.33707,191.21
0.212329,-0.610593,191.272
-5.3622,-5.57352,192.026
-7.94365,-2.0405,192.646
-3.67928,0.92907,193.186
-3.80972,3.14518,193.661
1.00258,-0.312939,193.561
-0.554257,0.261017,193.619
-0.627601,7.335,194.335
-0.328772,1.22486,194.456
2.39669,4.84994,194.977
-0.0439433,-0.27455,194.951
3.25845,3.06509,195.38
8.3374,0.936486,195.952
3.17894,-1.64946,196.536
2.97969,-3.09924,196.948
-1.1459,0.511065,196.829
1.96465,-3.11694,197.182
-4.06263,0.537431,196.715
-3.74592,-10.786,195.647
7.36066,18.205,193.23
5.22291,-20.2495,189.905
-14.3654,14.7143,186.355
-3.69369,8.69682,179.137
-6.92887,3.80491,178.38
14.5485,-11.9448,169.874
10.6387,-5.2397,171.074
-1.25048,-8.63439,163.935
-5.31014,19.5972,167.566
-16.6125,-5.55894,165.596
-1.34253,0.651665,165.456
7.72487,-13.9732,170.007
1.91334,2.02535,170.271
-0.666671,-2.29919,170.042
-0.140938,-0.394852,170.007
-0.225113,-1.15364,169.895
-0.0689178,-0.341956,169.861
-0.0100961,-0.0628063,169.824
-0.0527093,-0.759565,169.752
0.115766,0.595008,169.809
0.047263,0.235978,169.832
1.39747,2.6019,170.037
14.4383,4.81999,168.514
-1.62129,1.53724,168.727
-7.39961,14.6467,166.934
-10.8787,3.21948,165.792
-6.91935,-5.78135,164.756
-2.53229,-8.62938,164.017
3.80966,-6.92458,163.246
-0.526971,2.80704,163.2
-0.392991,1.6724,163.155
8.59625,1.57109,162.126
3.31338,9.19835,161.087
-0.956624,6.81453,160.417
-8.90493,10.7202,159.824
-4.63521,2.14578,159.331
-6.8001,-2.83575,158.614
0.0394206,-10.3006,157.588
13.749,0.932927,156.157
0.497884,14.0005,154.701
-3.99533,7.48092,153.865
-10.5356,-9.58844,152.374
2.75939,-11.6001,151.167
13.2003,8.16083,149.504
-9.65093,12.3145,147.828
-12.6087,-4.04288,146.458
8.60732,-13.0934,144.774
12.9063,2.66738,143.417
-8.07266,13.7036,141.699
-12.6543,-9.26269,140.012
-2.63869,-9.84446,138.999
15.3458,2.50097,137.331
1.44653,13.6721,135.906
-10.8343,5.96369,134.649
-9.00962,-2.16587,133.738
-3.24311,-0.868824,133.417
-0.888568,-0.206564,133.332
0.126202,0.0213684,133.344
-1.04537,-0.375846,133.23
-0.23893,-0.080251,133.206
-1.96225,-1.5569,132.967
-1.46683,-1.77859,132.747
2.67967,1.23057,132.974
0.599047,0.23282,133.089
2.31201,0.222592,133.311
0.835968,0.0728304,133.391
2.03541,-0.346377,133.588
3.27019,-1.64485,133.852
-2.888,0.141296,133.662
3.06683,-2.81493,134.061
1.77954,-1.641,134.195
-0.37856,0.351284,134.242
0.33001,-0.334175,134.287
-0.463134,0.377548,134.23
-7.17351,-6.82325,133.248
-17.1148,-5.35426,129.037
19.0203,8.18641,125.47
9.30597,0.00229885,118.269
10.0725,8.19428,113.319
7.59458,-12.9058,108.628
14.272,14.5869,105.841
-6.99813,14.6363,104.098
-7.40075,5.44463,103.19
0.369112,-2.15529,103.399
-0.322926,-2.70137,103.661
-0.150536,-1.06018,103.763
0.0138226,0.365134,103.728
-0.039749,0.768944,103.657
-0.00982763,0.203483,103.635
-0.0181115,-0.510466,103.684
-0.0116139,0.53659,103.662
-0.184521,1.08651,103.557
0.00156974,-0.796041,103.633
0.00851516,-0.299747,103.64
-0.107687,0.859471,103.579
-0.0194433,0.164674,103.563
0.0189437,-0.262589,103.588
-0.143626,-1.33402,103.716
-0.484705,-1.95321,103.849
0.0434174,0.178913,103.89
-0.898972,-1.68313,104.072
-0.831244,-1.19515,104.211
-1.71592,-1.47162,104.427
-3.83915,-1.53645,104.717
-0.671246,-0.185549,104.888
-1.97771,-0.141591,105.077
-0.948485,-0.0288667,105.168
-0.669477,0.0134255,105.232
-0.0338666,-0.000237168,105.235
-0.821712,0.0903499,105.313
-0.523952,0.0769374,105.364
-0.737123,0.0676528,105.345
2.20443,0.177005,105.224
-0.784492,10.7905,104.141
-10.1563,-14.4495,102.143
-12.0048,16.5959,98.5564
18.7357,-7.49225,94.8904
-8.76691,18.9218,92.0783
18.1119,6.0053,88.0752
-20.1141,5.81244,85.0474
0.660408,-18.9433,82.7802
15.7694,-1.32481,81.0564
5.32211,-18.6165,83.3818
-1.29319,-0.0801279,83.2542
-0.0437969,-0.000326149,83.2479
0.851819,-0.101211,83.3296
-3.1392,-1.09817,83.0537
-1.85189,-1.0687,82.8371
5.4784,-3.14164,83.461
-4.42142,-2.59892,82.9675
4.8118,20.1315,86.4553
16.2584,-11.1283,88.9088
-10.6754,-13.4126,90.8219
-6.63658,-4.94189,91.6319
-1.22528,-1.21771,91.8071
0.44808,0.671041,91.7323
-4.2066,6.84197,90.9474
-3.03234,3.06839,90.5336
0.310325,-0.602261,90.5981
-4.85147,1.63015,90.1058
-0.883159,0.406556,90.0131
-0.645013,0.256542,89.947
-1.11492,0.281429,89.8374
-1.19501,0.155971,89.7226
-1.22967,0.0140476,89.6054
-0.524537,-0.00258413,89.5554
-0.555585,-0.0330791,89.5024
-1.04133,-0.194171,89.4015
-0.500632,-0.105124,89.3528
-0.946089,-0.319099,89.2577
-0.8749,-0.384753,89.1666
-0.452371,-0.231349,89.0973
-1.32689,-1.07886,88.9343
-1.56767,-3.39492,88.5762
0.86973,0.866723,88.6932
-0.282858,-1.99874,88.3012
-0.341242,-0.570009,88.4364
4.84134,1.78921,88.9331
1.11764,0.508284,89.0501
-0.287136,-0.16938,89.0183
3.08669,1.76714,89.0164
-1.88319,-0.559821,89.1698
0.917279,0.215714,89.2595
4.20559,-1.65481,89.6934
3.13005,-3.3246,90.1317
0.36911,-0.288403,90.1763
1.20327,-1.60755,90.3679
0.496282,-4.30485,90.7836
-3.18429,-8.3556,91.2414
0.633942,0.992954,91.5301
-2.66854,-2.07809,91.8536
-0.699857,-0.581595,91.9403
-0.575885,-0.423905,92.0084
-7.14175,-1.68105,92.3
2.41196,0.265546,92.4782
-3.15052,0.87245,92.7908
-0.456871,0.0832284,92.8351
-2.76535,2.14978,93.1702
-3.0493,1.88684,93.2108
8.46837,2.57941,92.6578
-11.0977,-17.3524,89.9083
11.1442,17.7506,86.8919
-1.84501,4.15946,81.0455
7.16086,-17.2524,77.0184
-1.14412,-0.130588,70.6265
-0.874802,-9.5327,63.3967
10.2463,-4.50646,55.966
1.3658,-22.1336,58.4077
-2.45296,19.4122,54.9902
0.778793,0.22325,54.7959
5.99752,-0.54878,54.978
1.40714,0.386637,54.7992
-9.96427,10.1999,53.3553
-1.92813,17.8852,49.1294
9.40287,8.65557,44.1548
0.882329,-3.04455,37.5686
7.1466,-2.48714,24.2653
7.25157,7.9087,12.7719
0.752353,1.54978,358.511
-15.8682,13.5506,3.73606
-8.38585,7.70234,350.457
15.5033,-11.8784,346.591
13.721,-4.40117,345.074
4.30572,6.26026,345.81
1.82129,2.35572,346.092
0.705311,0.881021,346.198
-0.631187,-1.09365,346.132
-0.277969,-0.549329,346.073
4.14015,1.84951,346.508
7.02747,-0.62319,346.992
0.95574,-0.275339,347.282
3.18265,-5.24903,347.875
1.10199,-3.66188,348.241
0.0874643,-3.11919,348.54
-1.19309,-5.90253,348.791
0.540924,1.88451,348.928
-2.19865,-2.60794,349.254
-2.08827,-1.60744,349.506
-3.44377,-0.949482,349.848
-7.06219,-0.0529006,350.136
3.275,0.131243,350.21
-2.98921,1.21277,350.519
-1.46072,0.732579,350.675
-1.21869,0.829758,350.815
-4.33826,4.58073,351.005
1.3852,-2.06363,351.18
-0.781984,2.50709,351.431
-0.429864,6.87121,351.674
-0.329744,-1.48506,351.943
1.42913,2.57612,352.224
1.67674,1.88493,352.465
3.43046,1.54712,352.825
6.94541,2.11316,353.031
-1.84338,0.124165,353.341
3.09149,-1.2782,353.661
1.62597,-0.881189,353.838
2.07777,-2.46935,354.146
3.02259,-6.61895,354.43
-0.294693,1.58598,354.687
-0.882557,-3.70138,355.052
-0.285929,-1.21759,355.171
-4.03956,-3.14263,355.663
-7.48971,-2.91174,356.021
1.19398,0.124881,356.318
-14.4009,4.5506,356.691
-3.5479,0.87039,356.771
-2.2236,0.915182,356.898
-1.36873,0.598135,356.954
-2.19401,6.72985,357.536
0.212415,4.54813,357.971
1.13043,3.92657,358.271
1.31506,-3.2966,357.932
-0.0345111,0.66551,358.037
0.414468,-1.8325,357.958
0.00686478,0.633124,358.088
0.0908747,-1.08317,358.068
0.222041,-1.28059,358.003
0.172747,-0.969723,357.978
0.34508,-1.28283,357.912
0.296338,-0.927286,357.859
0.521704,-1.21421,357.777
2.73867,-10.9757,357.857
-0.0397785,0.147894,357.872
0.438437,-1.40756,357.85
0.0597213,-0.11245,357.719
0.0556321,-0.117808,357.707
1.50361,-2.66115,357.654
-1.10631,1.86451,357.622
0.0265456,-0.0456002,357.617
2.58239,-1.75935,357.318
1.82909,-0.896984,357.124
3.34437,-1.96722,357.11
-1.43373,0.314604,356.894
2.37986,0.040811,356.667
1.17248,0.0840454,356.555
3.14286,1.89478,356.204
4.87991,3.35782,356.047
-1.34471,-1.5163,355.833
1.0971,3.53683,355.478
0.323042,0.915013,355.386
-0.628663,3.7795,355.019
-0.584412,5.24077,354.932
0.650052,-1.20191,354.647
-1.02563,1.46932,354.476
-1.15706,1.20928,354.316
-3.11626,1.32299,353.993
-3.66806,0.13325,353.641
-2.23389,-0.246012,353.427
-12.5258,-2.46181,353.299
-0.94512,0.238745,353.551
0.653298,-0.195759,353.664
0.415284,-0.209531,353.819
-1.10142,0.312311,353.743
1.19526,-0.725238,353.897
1.40912,-1.30199,354.083
-4.5209,-0.344361,353.596
-2.0451,-0.578233,353.301
2.73473,-0.465594,353.499
1.77618,-0.330026,353.575
1.36192,-0.308827,353.626
-0.791935,-0.00297649,353.492
1.41163,-0.210467,353.549
1.20884,-0.268146,353.615
0.954036,-0.221576,353.643
0.952129,-0.263994,353.681
0.43413,-0.116683,353.688
0.160345,-0.0342201,353.656
8.68591,-1.66028,353.631
-0.231448,0.0422012,353.617
-0.0341814,0.00586348,353.605
-0.3575,0.0446429,353.571
0.0860972,-0.0133529,353.579
-0.536789,0.0644545,353.559
-0.335388,0.0116098,353.495
-0.386722,0.00424696,353.459
0.222128,-0.0136142,353.48
0.0856429,-0.00539335,353.488
0.0852379,-0.0158673,353.571
1.27291,-0.278815,353.62
0.584605,-0.166866,353.678
-0.601625,0.127149,353.651
-0.329454,0.156108,353.798
-0.107771,0.0729218,353.949
0.320482,-0.223938,354.009
0.824261,-0.803344,354.137
-0.350991,0.256208,354.086
-0.370082,0.246023,354.039
-0.718817,0.381032,353.957
0.0844593,-0.0505333,353.965
0.179528,-0.112438,353.981
0.0476791,-0.0298635,353.986
-0.426815,0.226497,353.94
0.044531,-0.0253913,353.945
0.186673,-0.113679,353.966
0.0428313,-0.0258918,353.971
0.0114828,-0.00693426,353.972
0.173751,-0.111894,353.991
3.59724,-2.42125,354.012
0.0101905,-0.00673687,354.013
-0.305418,0.180138,353.979
1.08158,-5.64516,354.533
-13.8555,1.37709,355.958
-6.75076,6.45735,356.875
-2.47031,2.7438,357.231
2.84636,-0.696626,356.951
3.08189,0.193612,356.656
2.36321,0.652368,356.419
-0.0528881,-0.00764965,356.425
-0.0843891,-0.0113762,356.433
0.219156,0.0375804,356.412
0.377794,0.0822925,356.375
0.119582,0.0259332,356.363
-0.122931,-0.0236223,356.375
0.0621002,0.0129029,356.369
0.0229448,0.00477539,356.367
-0.0800506,-0.0155954,356.374
0.0307749,0.00626309,356.371
0.162549,0.0304645,356.381
-0.677663,-0.0630056,356.446
-0.659906,-0.00378343,356.525
1.04959,0.239689,356.406
1.9364,1.00018,356.198
0.937666,0.452284,356.147
0.844634,0.638631,355.998
2.57666,2.03834,355.934
1.1435,1.02593,355.871
0.519038,0.449127,355.862
-0.933529,-0.438372,356.042
0.804235,0.636133,355.948
-1.83318,-0.662391,356.132
1.28589,1.04366,355.97
0.619979,0.549714,355.887
0.246545,0.221156,355.855
0.0596472,0.0530401,355.848
-0.0421295,-0.0365833,355.853
-0.322689,-0.250125,355.892
-0.234774,-0.173748,355.92
-0.0799614,-0.059135,355.929
-0.643373,-0.381032,356
-0.00164431,-0.00105403,356.001
0.890956,0.818549,355.885
-0.0347444,-0.0280415,355.89
0.0028814,0.00233818,355.889
-0.114973,-0.0893664,355.903
0.035914,0.0287024,355.899
-3.77491,-3.03051,355.896
-0.439454,-0.299979,355.946
-4.58404,11.0891,357.149
5.31311,1.20053,356.615
6.7699,11.4626,357.988
9.93686,2.1095,358.998
-0.993078,-1.42664,358.833
-0.727168,-3.0649,358.527
-0.133925,-0.401441,358.485
0.108925,0.269048,358.512
-0.0917409,-0.267415,358.486
-0.0363505,-0.106893,358.475
0.0114566,0.0325796,358.478
0.3856,0.777331,358.561
-0.0108142,-0.0245214,358.558
-0.0460106,-0.108908,358.547
-0.120868,-0.284328,358.545
0.010053,0.0233392,358.547
0.183907,0.367325,358.586
-0.0748437,-0.168372,358.569
-0.188035,-2.86937,358.328
-0.104314,-1.61447,358.247
-0.0314453,-0.62234,358.21
-0.0103553,-0.13268,358.216
0.987316,1.97607,358.475
0.149925,0.325173,358.541
0.170899,0.344488,358.582
0.0180449,0.0377324,358.586
-0.1498,-2.685,358.327
-0.0209414,-0.124068,358.315
-0.0264337,-0.17791,358.298
-0.00800001,-0.0535288,358.292
-0.005515,-0.0376396,358.289
0.0220043,0.13112,358.302
-0.0349286,-0.296358,358.273
-0.0129517,-0.111649,358.262
0.311099,1.07739,358.369
-0.0189775,-0.0869139,358.361
-0.0802806,-0.923868,358.272
-0.00735672,-0.0599018,358.267
0.255803,2.2995,358.257
0.0963905,0.504239,358.306
0.846148,1.77237,358.493
-0.209409,-1.42315,358.356
1.73274,2.35703,358.636
2.05152,1.70795,358.891
2.78834,1.14497,359.179
3.81242,-0.0535721,359.544
3.60325,-1.48794,359.917
4.72391,-12.8379,0.356849
0.653395,1.09285,0.478189
2.82102,1.93657,0.805531
7.57976,-5.98523,1.7613
2.87076,-2.72498,2.14053
1.57866,-4.12209,2.56408
0.110385,-3.81729,2.92981
-0.74122,-3.05045,3.22991
-2.63482,-3.21672,3.62855
-1.73191,-1.60112,3.85366
-6.91368,1.12648,4.53382
-4.57951,3.56437,5.09379
-0.772249,0.42962,5.17798
1.15399,-0.348499,5.06311
2.25113,-0.0639094,4.84822
-1.56607,0.619487,5.00878
-0.183698,0.0617084,5.02724
-1.89471,1.46318,5.25573
-1.3295,1.43362,5.44221
-0.956114,1.4031,5.60409
-5.16232,12.6627,5.79875
-1.16715,6.06438,5.99495
2.15885,5.30522,6.44475
0.297578,-1.39953,6.19737
0.536233,2.77932,6.38164
1.76946,-3.43478,5.99887
0.701732,-1.69406,5.9266
1.6812,-2.39482,5.75627
-0.112569,0.408671,5.92836
5.75945,-14.4885,5.91267
0.563962,2.83985,6.29037
1.89618,-2.68031,5.87511
4.26941,-3.79329,5.58424
-0.450369,0.285974,5.38017
3.0482,-2.10917,5.33851
-3.09848,3.09701,5.44454
6.60402,-1.91493,5.14459
-2.80517,0.923852,5.06856
7.27106,0.9382,4.74556
-5.89721,2.3009,4.97145
6.48642,0.475685,4.74994
-3.57023,-0.180278,4.69127
5.85801,1.83664,4.5028
-0.97415,-0.713466,4.2211
4.54044,4.81655,4.00536
-0.470436,-1.08414,3.70245
0.332379,3.16355,3.39833
-0.121356,-0.374923,3.43587
-0.00191914,2.0631,3.23906
-1.40776,3.24116,2.90091
-1.29144,1.97673,2.67556
-1.06256,1.25772,2.51859
-4.16877,1.36525,2.09772
-3.10314,0.250438,1.80012
-4.40685,-2.36067,1.31938
-2.37795,-1.98479,1.02331
-1.19901,-5.44882,0.485501
-0.43263,-8.51002,0.195696
9.52331,-10.3309,359.805
-1.28845,0.111452,359.801
-3.58243,-0.336683,359.679
2.3057,-1.06112,359.989
-0.692929,0.187956,359.981
10.8648,-11.6821,0.113735
1.38053,2.99416,0.325928
-0.00884376,-0.0483335,0.229291
-0.000966633,-0.00683322,0.170116
0.128279,0.725381,0.173395
-0.0222572,-0.516902,0.0864864
0.000206558,-0.15395,0.0279343
-0.00015218,0.0247546,0.00521312
6.50019,-15.2722,359.969
-0.0254238,0.00624392,359.959
-0.225626,0.0451909,359.926
-0.144573,0.0272899,359.908
-0.179715,0.0307751,359.891
-0.0186286,0.00330486,359.889
-0.215128,0.0315083,359.868
-0.0489161,0.00732765,359.863
-0.200682,0.0246472,359.844
-0.0298979,0.00383324,359.841
0.278223,-0.047548,359.868
-0.0435283,0.00655858,359.864
-0.168924,0.0216265,359.848
