0,-0.173339,0
-0.0187932,-0.107676,0.000424478
-0.0383373,-0.0963349,0.000856591
0.00121823,-0.108604,6.27099
0.0508021,-0.125435,6.26207
0.0861172,-0.145561,6.26242
0.127302,-0.162407,6.25273
0.162187,-0.182103,6.25306
0.197839,-0.1972,6.24511
0.230917,-0.214929,6.24544
0.293337,-0.243269,6.2387
0,-0.173339,0
0.246838,-0.184141,0.0447431
0.167616,-0.122424,0.000412054
0.206644,-0.125148,0.00556023
0.238474,-0.129676,0.00583865
0.275397,-0.139939,0.00767231
0.311235,-0.151025,0.0080324
0.342441,-0.162121,0.0104641
0.37483,-0.174259,0.0108151
0.402259,-0.185493,0.0142254
0.428253,-0.196475,0.0154342
0.491745,-0.225207,0.0191119
0.50681,-0.232448,0.0209778
0.51955,-0.238993,0.0227917
0.532866,-0.246074,0.0230825
0.543148,-0.251468,0.0236113
0.552294,-0.256389,0.0243043
0.561966,-0.261831,0.0246144
0.569313,-0.265939,0.0251738
0.574105,-0.268741,0.0264869
0.577587,-0.271158,0.0281392
0.581387,-0.274112,0.0285373
0.584258,-0.27619,0.0286256
0.585893,-0.277889,0.030178
0.587362,-0.279263,0.0301886
0.588349,-0.28041,0.0307242
0.588777,-0.281033,0.0309186
0.588006,-0.28131,0.0323248
0.586895,-0.281327,0.0326196
0.585366,-0.281524,0.032995
0.583551,-0.281179,0.0330109
0.581061,-0.280247,0.0335461
0.578062,-0.279421,0.0339111
0.574103,-0.277998,0.03478
0.569548,-0.276696,0.0351564
0.565484,-0.275009,0.0348134
0.561404,-0.273239,0.0350997
0.557387,-0.271416,0.0353504
0.552545,-0.269106,0.03616
0.548028,-0.266834,0.0363212
0.543818,-0.264561,0.0364615
0.540198,-0.262427,0.0364235
0.536695,-0.260661,0.036783
0.532744,-0.258548,0.0376603
0.528451,-0.256113,0.0380442
0.524271,-0.254051,0.038428
0.520901,-0.251963,0.0381368
0.518103,-0.25,0.0381788
0.5156,-0.248461,0.0385637
0.513771,-0.246829,0.0380792
0.510991,-0.244907,0.0388102
0.508833,-0.243187,0.0388405
0.507241,-0.241617,0.0387796
0.506139,-0.240219,0.0387921
0.505401,-0.239204,0.0391593
0.504797,-0.238039,0.0388455
0.504516,-0.236999,0.0388967
0.503347,-0.235692,0.0392238
0.502453,-0.234704,0.0396067
0.501844,-0.233686,0.0393467
0.501808,-0.232822,0.039096
0.502031,-0.232066,0.0391149
0.501564,-0.23117,0.039767
0.501491,-0.230312,0.0392543
0.501926,-0.229624,0.0390782
0.501281,-0.228808,0.0400218
0.500831,-0.228175,0.0403353
0.499408,-0.227359,0.0409321
0.497672,-0.226504,0.0414603
0.49694,-0.225839,0.0408745
0.496415,-0.225333,0.0412584
0.495143,-0.224704,0.0417282
0.493368,-0.224033,0.042535
0.491716,-0.223473,0.0428274
0.489998,-0.222882,0.0431062
0.488507,-0.222277,0.0432637
0.487149,-0.221756,0.0435175
0.486918,-0.221459,0.0429634
0.487916,-0.221341,0.0423808
0.489267,-0.221311,0.0427656
0.490975,-0.221396,0.0423073
0.493081,-0.22156,0.0426977
0.494307,-0.221624,0.0428596
0.495929,-0.221829,0.0423396
0.498119,-0.222186,0.0419566
0.500723,-0.222599,0.0423245
0.502279,-0.222863,0.0425791
0.504096,-0.223152,0.0428708
0.505982,-0.223503,0.0424441
0.508144,-0.223864,0.0427684
0.508885,-0.224055,0.0432644
0.508678,-0.224155,0.043682
0.507877,-0.224142,0.0442939
0.507208,-0.224066,0.0446578
0.506082,-0.223989,0.0449383
0.505198,-0.223769,0.0451814
0.505289,-0.223659,0.0446878
0.506193,-0.223704,0.0444026
0.508244,-0.223875,0.0436612
0.509513,-0.223875,0.0442615
0.511055,-0.223786,0.0445554
0.513276,-0.223952,0.0437214
0.514152,-0.224109,0.0441393
0.515274,-0.224169,0.0444274
0.516859,-0.224445,0.0436971
0.518737,-0.224619,0.0439897
0.520672,-0.225004,0.0434081
0.523035,-0.225253,0.0437699
0.524474,-0.225199,0.0435995
0.526502,-0.225329,0.0431971
0.528169,-0.225682,0.04263
0.530256,-0.225872,0.0430067
0.530686,-0.226004,0.0434516
0.531475,-0.226258,0.0431119
0.532714,-0.226588,0.0427916
0.534101,-0.226907,0.0426041
0.535353,-0.227419,0.0419009
0.537013,-0.227744,0.0422714
0.538329,-0.228166,0.0418148
0.540148,-0.228556,0.041178
0.540468,-0.228621,0.0420018
0.540907,-0.228712,0.0417417
0.540591,-0.228513,0.0416139
0.540715,-0.228398,0.041323
0.541097,-0.228058,0.0416161
0.539972,-0.227739,0.042105
0.539047,-0.227178,0.0424083
0.53713,-0.226651,0.042806
0.535689,-0.226465,0.0423625
0.534805,-0.226406,0.0420541
0.534243,-0.226052,0.0424164
0.533782,-0.226034,0.0419119
0.533699,-0.225716,0.0422757
0.532191,-0.22552,0.0428531
0.53112,-0.225586,0.0423766
0.530693,-0.225747,0.0419855
0.530691,-0.225872,0.0418292
0.531043,-0.225752,0.0421233
0.530023,-0.225633,0.042617
0.528228,-0.225291,0.0433702
0.527626,-0.225054,0.0427609
0.527435,-0.225123,0.0421736
0.526344,-0.225007,0.0428621
0.525209,-0.224506,0.0431622
0.524996,-0.224144,0.0427827
0.52516,-0.223483,0.0430681
0.525448,-0.2232,0.0425993
0.526073,-0.22301,0.0423492
0.526909,-0.223174,0.0415875
0.528095,-0.223333,0.0413326
0.527988,-0.22327,0.0420656
0.526927,-0.222976,0.0428253
0.52671,-0.222684,0.0424655
0.527133,-0.222536,0.0420309
0.527635,-0.222632,0.0414934
0.52707,-0.222457,0.042304
0.525623,-0.222154,0.0429785
0.523557,-0.221665,0.0436606
0.522304,-0.22131,0.0433508
0.521441,-0.220508,0.0437292
0.521055,-0.22014,0.0432727
0.520964,-0.220231,0.0426487
0.521368,-0.219902,0.0429904
0.520507,-0.219771,0.0433565
0.519035,-0.219428,0.0440794
0.519176,-0.219158,0.0433349
0.518471,-0.218778,0.0439676
0.517318,-0.218608,0.0441046
0.516502,-0.218073,0.0443993
0.514986,-0.217771,0.0447423
0.513845,-0.216982,0.0451187
0.512101,-0.216503,0.0454857
0.511671,-0.216269,0.0449354
0.511774,-0.216447,0.0443252
0.511723,-0.216376,0.0445563
0.511153,-0.21617,0.0451909
0,-0.173339,0
0.250631,-0.191969,0.0453766
0.170883,-0.129113,0.000300398
0.131088,-0.0963043,0.0006929
0.143168,-0.0926412,0.00372115
0.178552,-0.101873,0.00662796
0.225453,-0.117868,0.00834063
0.266286,-0.132724,0.00982247
0.306559,-0.148712,0.0123508
0.345144,-0.164459,0.0126367
0.377748,-0.177945,0.0137731
0.502177,-0.232249,0.0180931
0.517805,-0.239483,0.0191319
0.535204,-0.247861,0.019491
0.547621,-0.253982,0.0211039
0.55897,-0.259733,0.0220847
0.567857,-0.264152,0.0226298
0.577635,-0.269248,0.0229429
0.584716,-0.273052,0.0242145
0.592547,-0.277491,0.0245251
0.598018,-0.28068,0.0258147
0.602724,-0.283577,0.0265676
0.60646,-0.28601,0.027249
0.608386,-0.287561,0.0285722
0.610341,-0.289456,0.0288568
0.611435,-0.290619,0.0290408
0.612043,-0.291468,0.0293017
0.611022,-0.291754,0.0307646
0.608864,-0.291548,0.0317654
0.605658,-0.290667,0.0325762
0.601826,-0.289835,0.0328769
0.597793,-0.28849,0.0328967
0.593142,-0.287289,0.033256
0.587649,-0.285242,0.0339485
0.582489,-0.28304,0.0338345
0.577434,-0.28072,0.0339274
0.572383,-0.278079,0.0339548
0.56728,-0.275394,0.0342852
0.562057,-0.27293,0.0345867
0.555867,-0.270027,0.0354883
0.550325,-0.267229,0.0354585
0.545721,-0.264537,0.0352983
0.540344,-0.261539,0.0363276
0.535056,-0.258866,0.0366363
0.530611,-0.256222,0.0363396
0.526357,-0.253947,0.0366558
0.521333,-0.251396,0.0374869
0.516427,-0.249277,0.0378645
0.512509,-0.247183,0.0376391
0.509311,-0.245035,0.0373649
0.506357,-0.243322,0.03773
0.504398,-0.241594,0.0371667
0.502865,-0.240055,0.0373298
0.501714,-0.238666,0.0373919
0.499468,-0.237117,0.0384108
0.497997,-0.235589,0.0379834
0.495707,-0.234016,0.0389199
0.493585,-0.232775,0.0393032
0.492379,-0.23156,0.0388592
0.491916,-0.230494,0.0386103
0.49182,-0.229586,0.0386746
0.491984,-0.22894,0.0389826
0.492291,-0.228263,0.0387447
0.492926,-0.227563,0.0383375
0.493758,-0.226977,0.0383827
0.494852,-0.226614,0.038687
0.495824,-0.226205,0.0384786
0.497047,-0.226004,0.0387875
0.496756,-0.225417,0.0391917
0.496624,-0.225019,0.0395652
0.496779,-0.224629,0.0391943
0.497121,-0.224416,0.039572
0.498029,-0.224333,0.0393519
0.49916,-0.224208,0.0388527
0.499139,-0.223923,0.0398345
0.499687,-0.223723,0.039444
0.500476,-0.223596,0.0393901
0.501494,-0.223572,0.0397528
0.502848,-0.223588,0.0395549
0.503379,-0.223507,0.0398079
0.504095,-0.223481,0.040157
0.503816,-0.223351,0.04061
0.503642,-0.223246,0.0409625
0.504203,-0.223257,0.0404391
0.505218,-0.223371,0.040279
0.505826,-0.223247,0.0404102
0.506794,-0.223229,0.0403841
0.507942,-0.223199,0.0406772
0.509311,-0.223337,0.0402587
0.510986,-0.22358,0.0400671
0.512957,-0.223783,0.0404539
0.514803,-0.224079,0.0401222
0.516487,-0.224475,0.0396659
0.518469,-0.224816,0.0392089
0.520671,-0.225214,0.0259401
0.522265,-0.225047,6.23306
0.524394,-0.224831,6.08867
0.527043,-0.224364,5.93328
0.531054,-0.223755,5.82816
0.533724,-0.222746,5.83451
0.537766,-0.221534,5.75558
0.536609,-0.221908,5.85604
0.534825,-0.222604,5.8669
0.530203,-0.22464,5.85146
0.525309,-0.226337,5.82909
0.519625,-0.228339,5.82957
0.513981,-0.230119,5.81321
0.507356,-0.23219,5.81725
0.501619,-0.233782,5.83111
0.494919,-0.235694,5.90036
0.488496,-0.237421,5.92608
0.48377,-0.238071,5.9149
0.477706,-0.239037,5.95437
0.474432,-0.238885,5.91443
0.470666,-0.238555,5.91302
0.469344,-0.237471,5.89715
0.469236,-0.235848,5.89123
0.470944,-0.23371,5.88252
0.473258,-0.231569,5.87798
0.476299,-0.22914,5.87381
0.47988,-0.226497,5.8701
0.483778,-0.223816,5.86648
0.48803,-0.221055,5.86289
0.492363,-0.219024,5.85617
0.497088,-0.218003,5.85404
0.502706,-0.218659,5.85148
0.509036,-0.220794,5.84938
0.516946,-0.224506,5.84975
0.524648,-0.229276,5.84707
0.533275,-0.236304,5.84529
0.543011,-0.246744,5.8415
0.55347,-0.25911,5.83917
0.565129,-0.273759,5.83662
0.577817,-0.290521,5.83477
0.591004,-0.30886,5.83386
0.605089,-0.329086,5.83214
0.620114,-0.350056,5.8324
0.634734,-0.371619,5.83018
0.649171,-0.394563,5.82764
0.665164,-0.419085,5.82656
0.680529,-0.444349,5.82581
0.697592,-0.471409,5.82624
0.71373,-0.498826,5.8252
0.731717,-0.52955,5.82297
0.749293,-0.560324,5.82134
0.767878,-0.593076,5.82047
0.787814,-0.627744,5.81888
0.808753,-0.663273,5.8183
0.828293,-0.69742,5.81631
0.848187,-0.733324,5.81333
0.868085,-0.769308,5.81186
0.889381,-0.806512,5.81372
0.908417,-0.840743,5.81501
0.928963,-0.876605,5.81902
0.948205,-0.910588,5.81947
0.968206,-0.944802,5.8271
0.986841,-0.977722,5.83501
1.006,-1.01288,5.87301
1.02623,-1.04889,5.95118
1.04358,-1.08311,6.00053
1.06335,-1.11672,6.03982
1.08323,-1.15108,6.13439
1.10287,-1.18552,6.17241
1.12312,-1.22195,0.0102809
1.14087,-1.25801,0.0292541
1.15124,-1.29982,0.173904
1.1608,-1.3423,0.265619
1.17012,-1.38135,0.320699
1.18113,-1.4195,0.480281
1.19073,-1.45275,0.508233
1.19841,-1.48655,0.678306
1.20469,-1.52102,0.786599
1.20753,-1.55301,0.807661
1.20602,-1.58501,0.898517
1.20016,-1.61511,0.9562
1.18772,-1.64159,1.02533
1.1717,-1.66535,1.05637
1.15157,-1.68649,1.08453
1.12755,-1.70463,1.10447
1.10042,-1.71917,1.12214
1.07119,-1.73038,1.14155
1.03928,-1.73826,1.17503
1.00712,-1.7437,1.20516
0.9723,-1.74651,1.24476
0.934653,-1.74579,1.27665
0.894843,-1.74192,1.29973
0.857823,-1.74013,1.3202
0.819885,-1.73682,1.335
0.776072,-1.72795,1.35492
0.732069,-1.71811,1.37863
0.687707,-1.70691,1.40307
0.642522,-1.69408,1.42636
0.597343,-1.68037,1.44321
0.551723,-1.66551,1.45571
0.507014,-1.65384,1.46809
0.463783,-1.64323,1.47228
0.420316,-1.63175,1.47803
0.37707,-1.62009,1.4826
0.334536,-1.60864,1.48642
0.292794,-1.59771,1.48928
0.251206,-1.58706,1.49288
0.210275,-1.57728,1.49692
0.168592,-1.56709,1.50049
0.127871,-1.55857,1.50208
0.0865051,-1.54937,1.50448
0.0459389,-1.54081,1.50649
0.00721597,-1.53085,1.5059
-0.0328677,-1.52263,1.5122
-0.0727173,-1.51468,1.51433
-0.113375,-1.50617,1.51672
-0.153227,-1.49597,1.51561
-0.190353,-1.48958,1.51682
-0.229085,-1.48259,1.51913
-0.267328,-1.47631,1.51927
-0.303533,-1.47047,1.52127
-0.33982,-1.46677,1.52024
-0.375758,-1.46262,1.52112
-0.411745,-1.45892,1.52207
-0.446814,-1.45598,1.52242
-0.480759,-1.45293,1.5228
-0.513714,-1.45053,1.52216
-0.545761,-1.4488,1.52267
-0.575081,-1.44934,1.52314
-0.603452,-1.44876,1.52314
-0.630275,-1.44721,1.52253
-0.656408,-1.44752,1.52228
-0.680538,-1.44923,1.52367
-0.703586,-1.45008,1.52357
-0.724268,-1.45367,1.52096
-0.746124,-1.45873,1.52108
-0.768395,-1.46304,1.52152
-0.792554,-1.46754,1.51943
-0.819511,-1.47232,1.51913
-0.847457,-1.47618,1.51768
-0.875424,-1.47952,1.51806
-0.907465,-1.48243,1.51816
-0.940684,-1.48414,1.51537
-0.971047,-1.48612,1.51522
-0.999979,-1.48702,1.51214
-1.02749,-1.48788,1.51601
-1.05422,-1.48659,1.51954
-1.07697,-1.48782,1.51839
-1.09947,-1.48749,1.51919
-1.11267,-1.49024,1.52079
-1.12516,-1.49163,1.52741
-1.12998,-1.49531,1.5291
-1.13347,-1.49901,1.53403
-1.1349,-1.50313,1.53558
-1.13468,-1.50673,1.54342
-1.13321,-1.50897,1.55728
-1.13037,-1.51086,1.56815
-1.12641,-1.51113,1.60227
-1.12091,-1.51109,1.63449
-1.11426,-1.50952,1.67899
-1.10628,-1.51049,1.70256
-1.09266,-1.5132,1.76115
-1.07734,-1.51418,1.83814
-1.05926,-1.51708,1.86788
-1.04197,-1.50988,1.9545
-1.02963,-1.50786,1.94598
-1.01201,-1.50471,2.092
-0.992979,-1.50003,2.1526
-0.97205,-1.49339,2.23448
-0.949085,-1.48479,2.32031
-0.924592,-1.4748,2.39062
-0.902922,-1.46728,2.33107
-0.876605,-1.4556,2.4877
-0.847561,-1.44171,2.56548
-0.815721,-1.42565,2.6209
-0.782008,-1.40798,2.64555
-0.746012,-1.38795,2.6571
-0.708833,-1.36583,2.66135
-0.677312,-1.34903,2.66218
-0.647657,-1.33346,2.66637
-0.619878,-1.3191,2.6683
-0.593948,-1.30591,2.66981
-0.56985,-1.29385,2.67002
-0.547538,-1.28287,2.6703
-0.526961,-1.27291,2.67076
-0.508076,-1.26394,2.671
-0.490796,-1.25588,2.67312
-0.474928,-1.24863,2.68273
-0.460165,-1.24201,2.70591
-0.445694,-1.23568,2.76863
-0.431239,-1.22963,2.84413
-0.416806,-1.22396,2.91896
-0.401901,-1.2187,3.01724
-0.387123,-1.21405,3.08861
-0.371843,-1.21011,3.19017
-0.356436,-1.207,3.27692
-0.341896,-1.20465,3.31858
-0.328247,-1.20303,3.35809
-0.361946,-1.17224,3.38096
-0.393452,-1.14048,3.40016
-0.422518,-1.10819,3.40602
-0.448738,-1.07477,3.4097
-0.47229,-1.04065,3.4135
-0.494164,-1.00693,3.41637
-0.513555,-0.973061,3.41919
-0.532988,-0.941606,3.42225
-0.549207,-0.909374,3.42194
-0.56557,-0.878698,3.42416
-0.578762,-0.847155,3.42266
-0.592061,-0.817006,3.42243
-0.601509,-0.785085,3.41933
-0.612113,-0.755068,3.42098
-0.622235,-0.723083,3.42115
-0.631094,-0.690848,3.42009
-0.638313,-0.657794,3.41801
-0.644039,-0.624287,3.41072
-0.649091,-0.591421,3.39974
-0.653045,-0.558517,3.38117
-0.654699,-0.525255,3.36395
-0.657963,-0.494435,3.35381
-0.661982,-0.465541,3.34327
-0.663516,-0.435077,3.31701
-0.666386,-0.407076,3.31204
-0.666941,-0.37727,3.28138
-0.669029,-0.349425,3.2763
-0.671832,-0.322554,3.27201
-0.672551,-0.293244,3.26209
-0.674451,-0.266001,3.26555
-0.67576,-0.235973,3.2574
-0.675348,-0.204507,3.25624
-0.676374,-0.174897,3.25079
-0.678261,-0.144407,3.24006
-0.680145,-0.114041,3.23519
-0.681822,-0.0831231,3.2309
-0.683628,-0.0529616,3.22572
-0.685279,-0.0228181,3.22126
-0.686799,0.00716808,3.21592
-0.688532,0.0358889,3.21252
-0.691272,0.0628629,3.20361
-0.693869,0.0896445,3.19608
-0.696372,0.115224,3.19004
-0.698906,0.140652,3.17971
-0.701443,0.165767,3.17022
-0.704265,0.18986,3.16242
-0.707816,0.21201,3.15828
-0.711414,0.234207,3.15164
-0.714991,0.25699,3.14363
-0.718709,0.280317,3.13517
-0.722113,0.303237,3.12826
-0.724774,0.326923,3.12322
-0.727883,0.347745,3.12377
-0.730908,0.369672,3.11956
-0.734174,0.390156,3.11907
-0.737326,0.411415,3.11529
-0.740373,0.433841,3.11293
-0.743496,0.456532,3.10999
-0.745923,0.480253,3.10959
-0.748742,0.502364,3.10835
-0.751806,0.523866,3.10539
-0.754583,0.546557,3.10363
-0.757411,0.570775,3.10003
-0.759687,0.595504,3.09883
-0.761923,0.619039,3.09821
-0.76481,0.641467,3.09593
-0.767172,0.66475,3.09616
-0.770073,0.687401,3.09374
-0.77323,0.71147,3.0911
-0.776334,0.737349,3.08808
-0.779019,0.765129,3.08703
-0.781872,0.789953,3.08553
-0.78462,0.816385,3.08267
-0.787451,0.839996,3.08135
-0.789905,0.865567,3.08089
-0.792965,0.889295,3.07586
-0.796335,0.913672,3.06456
-0.799506,0.939916,3.03737
-0.804073,0.963721,3.00189
-0.808644,0.988382,2.96693
-0.813777,1.01105,2.94923
-0.819258,1.03541,2.90477
-0.825301,1.05693,2.90857
-0.83184,1.07979,2.8905
-0.838368,1.10011,2.90321
-0.845409,1.12237,2.8985
-0.853867,1.14229,2.89001
-0.862568,1.16331,2.88757
-0.871675,1.18212,2.88191
-0.881239,1.20239,2.88252
-0.89094,1.22315,2.88298
-0.901526,1.24075,2.86937
-0.912471,1.25967,2.87209
-0.923638,1.27782,2.87631
-0.935166,1.29736,2.88935
-0.946205,1.3155,2.91238
-0.957999,1.33556,2.96636
-0.969828,1.35662,3.02003
-0.980328,1.37738,3.05082
-0.989441,1.3973,3.0709
-0.998264,1.41852,3.13164
-1.00439,1.43959,3.15515
-1.01,1.46261,3.23017
-1.01,1.48448,3.24791
-1.00896,1.50895,3.33823
-1.00549,1.53157,3.35412
-1.00552,1.55091,3.38546
-1.0071,1.57105,3.4916
-1.00791,1.59258,3.57285
-1.00935,1.61172,3.63271
-1.00978,1.63179,3.73172
-1.00924,1.65008,3.7837
-1.00869,1.66782,3.84057
-1.00673,1.68661,3.95123
-1.00315,1.70488,4.00925
-0.997726,1.72444,4.11477
-0.990248,1.7431,4.1337
-0.980283,1.76417,4.19088
-0.970487,1.78324,4.14232
-0.954356,1.80188,4.19912
-0.935402,1.81582,4.21802
-0.914481,1.83046,4.21736
-0.891715,1.83951,4.25225
-0.866622,1.84942,4.25373
-0.839442,1.85089,4.29119
-0.808964,1.84983,4.32297
-0.777929,1.84348,4.3547
-0.742916,1.83235,4.38677
-0.705009,1.81697,4.41558
-0.667589,1.80117,4.438
-0.629893,1.78387,4.4593
-0.593132,1.76591,4.4794
-0.55928,1.74717,4.51944
-0.525328,1.72707,4.53685
-0.492143,1.70671,4.55258
-0.459187,1.6855,4.56823
-0.426997,1.66417,4.58291
-0.395308,1.64251,4.5974
-0.363846,1.62204,4.62379
-0.333059,1.60186,4.63544
-0.302444,1.5814,4.6469
-0.272163,1.56086,4.65422
-0.242504,1.54079,4.65581
-0.213305,1.52092,4.63788
-0.184945,1.50471,4.6655
-0.15509,1.48646,4.58581
-0.126812,1.46687,4.56098
-0.0995563,1.45084,4.58373
-0.0719601,1.43584,4.58161
-0.0459407,1.42017,4.57934
-0.0184047,1.40305,4.59333
0.0103576,1.38561,4.5999
0.0387345,1.37119,4.60475
0.0693442,1.35566,4.61054
0.0989818,1.33908,4.60904
0.126434,1.329,4.61109
0.154638,1.3205,4.61389
0.181867,1.31124,4.61739
0.209347,1.30292,4.63143
0.236802,1.29692,4.64436
0.263759,1.29001,4.66067
0.289123,1.28844,4.6728
0.314364,1.29048,4.69637
0.340956,1.29237,4.72696
0.365765,1.29695,4.73561
0.389857,1.30078,4.75168
0.413093,1.30628,4.7499
0.436463,1.31331,4.75743
0.459749,1.31937,4.75788
0.482756,1.32552,4.75939
0.505308,1.33083,4.76043
0.528097,1.33558,4.76572
0.549784,1.34066,4.76853
0.573301,1.34465,4.77334
0.594192,1.34917,4.77653
0.614528,1.35266,4.77534
0.631092,1.35829,4.77649
0.649425,1.36338,4.7802
0.666104,1.36894,4.78352
0.68285,1.37306,4.78363
0.700238,1.37774,4.78542
0.719679,1.38311,4.78844
0.737207,1.38855,4.79381
0.754234,1.39285,4.80157
0.768854,1.39781,4.81402
0.785748,1.4012,4.82044
0.803044,1.40276,4.83834
0.822543,1.40342,4.84985
0.84052,1.40489,4.87492
0.858765,1.40435,4.91099
0.874122,1.40613,4.92845
0.887932,1.40933,4.95284
0.900718,1.41274,5.03071
0.911659,1.41673,5.08335
0.920475,1.4195,5.12955
0.928407,1.42445,5.11548
0.934199,1.42845,5.14522
0.939943,1.43484,5.15562
0.943907,1.44057,5.17219
0.947038,1.44681,5.18334
0.948601,1.45307,5.21378
0.948449,1.45851,5.23239
0.947722,1.46389,5.24434
0.945857,1.46858,5.27219
0.943108,1.4725,5.31365
0.938339,1.47509,5.34706
0.93308,1.47675,5.38954
0.926933,1.47763,5.44154
0.920081,1.47805,5.48915
0.912248,1.47761,5.55683
0.903873,1.47698,5.63067
0.893904,1.47517,5.68856
0.883102,1.47302,5.71715
0.870355,1.46956,5.7884
0.854984,1.46433,5.87552
0.836804,1.45726,5.95774
0.816301,1.4487,6.00878
0.790177,1.4367,6.05568
0.760989,1.42222,6.05426
0.729925,1.40579,6.0539
0.696134,1.38646,6.05376
0.667091,1.37081,6.05457
0.639757,1.35614,6.05518
0.614103,1.34242,6.05558
0.590101,1.32962,6.05572
0.567711,1.3177,6.05603
0.546891,1.30663,6.05649
0.527594,1.29638,6.0573
0.509772,1.28692,6.05843
0.493391,1.27821,6.05903
0.478439,1.27024,6.05823
0.464912,1.26297,6.05518
0.4527,1.25638,6.05502
0.441737,1.25041,6.05565
0.431982,1.24505,6.05602
0.423398,1.24026,6.05571
0.415924,1.23602,6.05597
0.409477,1.23229,6.05775
0.403973,1.22903,6.06134
0.399382,1.22623,6.06409
0.39569,1.22386,6.06526
0.392838,1.22189,6.06701
0.390794,1.2203,6.0679
0.38948,1.21907,6.07032
0.388776,1.21815,6.07623
0.388636,1.21752,6.08241
0.388947,1.21714,6.0921
0.389673,1.217,6.10187
0.424747,1.19318,6.11811
0.456822,1.16764,6.13713
0.486659,1.14167,6.1522
0.516265,1.11659,6.1691
0.544223,1.09134,6.18277
0.571382,1.06697,6.19406
0.59751,1.043,6.20839
0.623018,1.02008,6.21886
0.647525,0.997618,6.23144
0.672543,0.976651,6.24641
0.696568,0.956442,6.25719
0.719317,0.936404,6.26978
0.740886,0.917,6.27981
0.761094,0.897728,0.00906931
0.779949,0.878598,0.0176431
0.79765,0.860138,0.0205247
0.814871,0.842172,0.0209369
0.830775,0.824267,0.0204652
0.845619,0.806774,0.0204151
0.859178,0.789287,0.020244
0.871638,0.772271,0.0195478
0.882626,0.755206,0.0195864
0.893428,0.738399,0.0192027
0.903318,0.722015,0.0184263
0.912017,0.705706,0.0174947
0.919751,0.689854,0.0168817
0.926493,0.67405,0.017539
0.932299,0.658292,0.0178433
0.93743,0.643046,0.0172447
0.942321,0.628068,0.0162165
0.946456,0.613477,0.0167879
0.949722,0.598855,0.0175903
0.952198,0.584309,0.0178396
0.954062,0.570189,0.0176428
0.955214,0.556098,0.0173182
0.956165,0.542187,0.0167362
0.956644,0.528583,0.0159088
0.956803,0.514837,0.0137521
0.956499,0.501404,0.012086
0.955616,0.487913,0.0102384
0.954235,0.474416,0.00955642
0.952453,0.461056,0.00849331
0.950719,0.447487,0.00955021
0.948669,0.434153,0.0152962
0.946249,0.420747,0.0265367
0.943477,0.407444,0.040597
0.940572,0.394542,0.0526441
0.937406,0.38177,0.0681596
0.934394,0.369231,0.0793583
0.931061,0.35654,0.0936141
0.927215,0.34385,0.106499
0.922441,0.331378,0.113542
0.917433,0.318878,0.116413
0.912248,0.306325,0.116522
0.906567,0.293921,0.116723
0.900806,0.281233,0.116942
0.894835,0.268634,0.117713
0.8887,0.255495,0.118328
0.882717,0.242209,0.117118
0.877234,0.229023,0.116705
0.871757,0.215726,0.115889
0.866873,0.203327,0.115558
0.861804,0.19071,0.115393
0.85709,0.178286,0.114908
0.852358,0.166062,0.115268
0.84767,0.153582,0.114567
0.842839,0.140988,0.114656
0.837962,0.127836,0.115141
0.832861,0.112483,0.116105
0.827952,0.0966972,0.115816
0.823225,0.0802762,0.114173
0.818807,0.0633836,0.112918
0.814382,0.0463999,0.113583
0.810061,0.0302859,0.113643
0.805899,0.0140127,0.112898
0.802062,-0.00143354,0.112709
0.797897,-0.0179022,0.11317
0.793859,-0.034377,0.112626
0.790121,-0.0510892,0.111443
0.786396,-0.067763,0.1114
0.783078,-0.0835233,0.110836
0.780123,-0.0998088,0.109209
0.777707,-0.114624,0.108541
0.775252,-0.130405,0.107267
0.77289,-0.146263,0.10648
0.770587,-0.16245,0.106326
0.768679,-0.177977,0.105774
0.766923,-0.193801,0.104417
0.764506,-0.210436,0.102855
0.762357,-0.227261,0.101536
0.760788,-0.244097,0.0996099
0.759239,-0.261124,0.097896
0.757735,-0.277035,0.0976817
0.756352,-0.293358,0.0953024
0.754567,-0.310118,0.0934095
0.75288,-0.326523,0.0935397
0.750935,-0.342301,0.0930988
0.749014,-0.35789,0.0924026
0.747619,-0.373239,0.0913872
0.746221,-0.388933,0.0906647
0.74452,-0.404086,0.0906669
0.743849,-0.419377,0.0887354
0.743242,-0.434914,0.087219
0.742354,-0.450487,0.0869059
0.74151,-0.466902,0.0865568
0.739498,-0.482622,0.0865872
0.737383,-0.499234,0.0858635
0.735317,-0.516151,0.0857544
0.734253,-0.532816,0.0858517
0.733179,-0.550756,0.0858093
0.733056,-0.56811,0.0833613
0.733046,-0.586845,0.0834538
0.734073,-0.605455,0.0828946
0.735259,-0.624805,0.0824918
0.736098,-0.643002,0.0806651
0.737094,-0.661891,0.0813379
0.736806,-0.679755,0.0812536
0.736604,-0.698946,0.0806762
0.735614,-0.716509,0.0792305
0.734388,-0.735348,0.0788528
0.733255,-0.754759,0.0791289
0.731811,-0.772964,0.0799447
0.731105,-0.790107,0.0760645
0.730436,-0.80792,0.0684602
0.729516,-0.824085,0.0448543
0.728713,-0.840324,6.28287
0.728494,-0.855332,6.26807
0.727657,-0.86843,6.27998
0.727002,-0.881447,6.2757
0.726837,-0.892281,6.28022
0.726894,-0.90257,6.27485
0.727062,-0.912706,6.27442
0.727736,-0.919901,6.27175
0.728536,-0.926858,6.27074
0.729509,-0.931286,6.25694
0.730644,-0.933224,6.23267
0.732077,-0.934831,6.20451
0.733918,-0.934222,6.17521
0.736313,-0.933279,6.13551
0.739697,-0.930378,6.11098
0.742468,-0.925704,6.08808
0.745882,-0.920621,6.04782
0.74785,-0.915186,6.05195
0.75039,-0.90941,6.0451
0.751652,-0.902163,6.06013
0.752911,-0.894498,6.06553
0.754175,-0.885686,6.05347
0.755539,-0.87623,6.04184
0.757233,-0.866718,6.04355
0.758661,-0.857057,6.03445
0.76042,-0.84749,6.0336
0.762194,-0.838215,6.02465
0.764464,-0.829036,6.02605
0.76686,-0.821093,6.01997
0.76943,-0.814989,6.01169
0.772558,-0.809272,6.01224
0.776251,-0.8055,6.00438
0.780636,-0.802226,6.00481
0.785323,-0.801801,5.99966
0.790533,-0.801877,5.99922
0.796185,-0.804287,5.99142
0.802266,-0.808605,5.98532
0.809225,-0.81379,5.98552
0.816179,-0.821639,5.97998
0.824397,-0.831796,5.97446
0.833611,-0.842953,5.97444
0.842739,-0.855803,5.96885
0.851328,-0.870033,5.96358
0.860987,-0.88545,5.96302
0.870236,-0.9021,5.95896
0.880924,-0.92096,5.95361
0.892386,-0.941985,5.94898
0.904613,-0.963581,5.94836
0.916021,-0.985168,5.94395
0.926478,-1.00596,5.9403
0.937699,-1.02826,5.93612
0.950097,-1.05153,5.9361
0.961685,-1.07316,5.93232
0.974487,-1.09564,5.93264
0.985402,-1.11726,5.9293
0.995873,-1.13809,5.92618
1.0073,-1.15995,5.92158
1.01948,-1.18204,5.92051
1.0308,-1.20322,5.9174
1.04334,-1.22501,5.91749
1.0546,-1.24591,5.91482
1.0658,-1.26759,5.90675
1.07622,-1.28829,5.90157
1.0871,-1.30828,5.90071
1.09703,-1.32692,5.90256
1.10767,-1.34507,5.90372
1.11606,-1.36174,5.89957
1.12521,-1.37805,5.903
1.13226,-1.39256,5.90572
1.13686,-1.40524,5.90456
1.14128,-1.41617,5.91053
1.14597,-1.42636,5.91836
1.14867,-1.43453,5.92192
1.15033,-1.44102,5.93657
1.15235,-1.44669,5.96515
1.1526,-1.45099,5.98901
1.14995,-1.45466,6.00696
1.14708,-1.45759,6.07205
1.14109,-1.46102,6.10482
1.13471,-1.46384,6.16971
1.12544,-1.4687,6.20325
1.11558,-1.47302,6.27504
1.10562,-1.47654,0.0243698
1.09616,-1.47917,0.0567398
1.08625,-1.48128,0.129932
1.07732,-1.48187,0.166594
1.07244,-1.47801,0.254957
1.07137,-1.46998,0.362831
1.0724,-1.45871,0.474395
1.07287,-1.4475,0.491302
1.07179,-1.43426,0.606326
1.06944,-1.42018,0.695202
1.06734,-1.40407,0.768606
1.06408,-1.38934,0.768
1.05974,-1.37444,0.803252
1.0535,-1.36057,0.832907
1.04685,-1.34711,0.841162
1.03972,-1.33379,0.848362
1.03195,-1.32108,0.861251
1.02346,-1.30938,0.874284
1.01409,-1.29842,0.885044
1.00358,-1.28969,0.904546
0.992505,-1.28195,0.913567
0.980753,-1.2751,0.922582
0.968514,-1.26923,0.931147
0.955621,-1.26419,0.939915
0.942118,-1.25996,0.946606
0.928334,-1.2567,0.953819
0.91365,-1.25567,0.966267
0.898857,-1.25563,0.971592
0.884027,-1.25471,0.972492
0.869102,-1.25573,0.976982
0.854266,-1.25603,0.977229
0.838804,-1.25815,0.98194
0.82228,-1.26123,0.985478
0.804171,-1.26623,0.992992
0.785865,-1.27149,0.994648
0.768515,-1.27668,0.999689
0.752849,-1.28131,1.003
0.738978,-1.28496,1.00767
0.726713,-1.28813,1.01084
0.715923,-1.29209,1.02279
0.706495,-1.2962,1.03679
0.698453,-1.30006,1.05846
0.691507,-1.30324,1.09165
0.68533,-1.30606,1.12394
0.679948,-1.30826,1.16859
0.675421,-1.31049,1.20852
0.670758,-1.31352,1.25802
0.666772,-1.316,1.30295
0.663284,-1.31784,1.3268
0.660577,-1.31902,1.33242
0.658492,-1.32,1.3282
0.657127,-1.32056,1.32578
0.655876,-1.32221,1.32932
0.654548,-1.32381,1.33067
0.652945,-1.32536,1.3323
0.650693,-1.3268,1.33488
0.647974,-1.32882,1.33542
0.644255,-1.33088,1.33533
0.63979,-1.33331,1.33515
0.633908,-1.33709,1.33574
0.627153,-1.34101,1.33407
0.619932,-1.34542,1.33246
0.611928,-1.35002,1.33209
0.603134,-1.35497,1.33169
0.593388,-1.36001,1.33076
0.582601,-1.36636,1.3304
0.572338,-1.37269,1.3509
0.563196,-1.3787,1.3858
0.555258,-1.38429,1.40651
0.548583,-1.38959,1.4187
0.54373,-1.39346,1.42957
0.538774,-1.39774,1.42865
0.534203,-1.40091,1.43752
0.530393,-1.40414,1.44295
0.526826,-1.40772,1.44218
0.523396,-1.41001,1.44764
0.520092,-1.41124,1.45049
0.517148,-1.4114,1.45382
0.513724,-1.41315,1.4546
0.510674,-1.41429,1.45734
0.508782,-1.41346,1.46434
0.507944,-1.41343,1.47481
0.508022,-1.41351,1.51494
0.508315,-1.41278,1.57715
0.50863,-1.41126,1.62915
0.508444,-1.40861,1.67538
0.509092,-1.40509,1.6843
0.509276,-1.40045,1.68217
0.509776,-1.39531,1.67608
0.510561,-1.39023,1.6751
0.511647,-1.38482,1.67678
0.513382,-1.38105,1.67546
0.514787,-1.37816,1.67558
0.517016,-1.37478,1.67656
0.519263,-1.37198,1.67689
0.521711,-1.36966,1.67703
0.5247,-1.36867,1.67605
0.527699,-1.36783,1.67621
0.529667,-1.36861,1.67425
0.531624,-1.36919,1.6746
0.534447,-1.36896,1.67579
0.537614,-1.36952,1.67484
0.540566,-1.36972,1.67507
0.5433,-1.36964,1.67462
0.545594,-1.36927,1.67399
0.546673,-1.36975,1.673
0.547427,-1.36978,1.67289
0.547527,-1.36955,1.67285
0.547543,-1.36994,1.67127
0.547366,-1.37093,1.67033
0.546789,-1.37257,1.6696
0.544392,-1.37342,1.66967
0.541008,-1.37397,1.66927
0.535687,-1.37362,1.66852
0.529436,-1.37319,1.66765
0.522194,-1.3724,1.66656
0.513904,-1.37118,1.66585
0.504811,-1.36996,1.66661
0.495475,-1.36972,1.66526
0.484568,-1.36953,1.66254
0.473194,-1.36913,1.66207
0.46112,-1.36855,1.66139
0.448392,-1.36752,1.66076
0.435118,-1.3666,1.66011
0.421614,-1.36639,1.6588
0.409386,-1.3674,1.65705
0.396151,-1.36996,1.65273
0.382285,-1.37157,1.6521
0.368329,-1.3736,1.65026
0.354494,-1.37638,1.64671
0.339998,-1.37823,1.64564
0.32571,-1.37944,1.64539
0.311233,-1.38057,1.64371
0.295184,-1.3819,1.64102
0.278654,-1.38278,1.63962
0.261782,-1.38289,1.63874
0.245438,-1.38343,1.63781
0.228537,-1.38336,1.63738
0.21236,-1.38381,1.63611
0.196259,-1.38501,1.63297
0.180494,-1.38668,1.63107
0.165104,-1.3894,1.62847
0.149995,-1.39351,1.62554
0.13578,-1.39779,1.62512
0.12156,-1.40073,1.62379
0.108153,-1.40382,1.62282
0.0927304,-1.40508,1.62117
0.0761325,-1.40528,1.62011
0.0588158,-1.40428,1.62019
0.0409292,-1.40342,1.62
0.023634,-1.40252,1.61879
0.00711559,-1.40261,1.61551
-0.00984896,-1.40259,1.61381
-0.027236,-1.40149,1.61398
-0.0443782,-1.40035,1.61442
-0.0600042,-1.3995,1.61311
-0.0755355,-1.39959,1.61226
-0.0907573,-1.39979,1.61242
-0.104797,-1.40115,1.60999
-0.120874,-1.4007,1.60923
-0.136406,-1.40097,1.60679
-0.151604,-1.40184,1.60523
-0.166522,-1.40292,1.60549
-0.17972,-1.40522,1.60333
-0.194028,-1.40611,1.60337
-0.207428,-1.40799,1.60148
-0.221183,-1.41018,1.60053
-0.234781,-1.41263,1.60026
-0.248357,-1.41368,1.59823
-0.261866,-1.41495,1.59702
-0.275737,-1.41512,1.5971
-0.290044,-1.41545,1.59542
-0.305039,-1.41544,1.5944
-0.319394,-1.41472,1.59438
-0.334267,-1.41406,1.5934
-0.350075,-1.41307,1.59377
-0.365653,-1.41218,1.59436
-0.380203,-1.41199,1.59206
-0.394736,-1.41155,1.59057
-0.40915,-1.4112,1.58928
-0.423461,-1.4108,1.58801
-0.437447,-1.41054,1.58752
-0.451655,-1.4096,1.58675
-0.466232,-1.40886,1.58573
-0.480077,-1.40786,1.5858
-0.494784,-1.40801,1.58374
-0.509417,-1.40841,1.58335
-0.522938,-1.40964,1.58086
-0.537383,-1.41059,1.57963
-0.551363,-1.41206,1.57828
-0.565445,-1.414,1.5782
-0.579024,-1.41451,1.5766
-0.591275,-1.41555,1.57479
-0.603553,-1.41869,1.57193
-0.615615,-1.42145,1.5708
-0.627896,-1.42433,1.56997
-0.640067,-1.42667,1.56866
-0.653944,-1.43003,1.56531
-0.666708,-1.43326,1.56415
-0.679602,-1.43629,1.56088
-0.691813,-1.43968,1.56073
-0.700796,-1.44356,1.55856
-0.710422,-1.44635,1.55756
-0.719496,-1.4496,1.55712
-0.729396,-1.45094,1.55627
-0.740193,-1.45218,1.55427
-0.751546,-1.45296,1.55382
-0.762464,-1.45401,1.55431
-0.774167,-1.45338,1.55497
-0.785772,-1.45289,1.55474
-0.7977,-1.45176,1.55419
-0.810695,-1.45201,1.55266
-0.824747,-1.45129,1.55229
-0.839411,-1.45097,1.55649
-0.853528,-1.4514,1.55653
-0.86874,-1.44974,1.56131
-0.883371,-1.44838,1.5773
-0.897065,-1.44561,1.59946
-0.905641,-1.44536,1.61299
-0.914449,-1.44404,1.60848
-0.922348,-1.44318,1.62425
-0.929059,-1.44265,1.65229
-0.936077,-1.43898,1.67247
-0.942049,-1.43524,1.70411
-0.943595,-1.43451,1.71801
-0.945594,-1.43158,1.75655
-0.947694,-1.42553,1.81108
-0.948591,-1.41919,1.85985
-0.949341,-1.41006,1.86736
-0.94889,-1.4004,1.91795
-0.947877,-1.38583,1.9294
-0.944544,-1.35954,1.99208
-0.938758,-1.32829,2.05186
-0.931649,-1.29592,2.09142
-0.924018,-1.26488,2.10186
-0.916145,-1.23513,2.10796
-0.907008,-1.20437,2.13518
-0.896266,-1.17205,2.15294
-0.884339,-1.13919,2.15608
-0.872588,-1.10776,2.13688
-0.85982,-1.07503,2.13476
-0.846315,-1.04135,2.13538
-0.831856,-1.00603,2.13756
-0.816922,-0.970307,2.1387
-0.80111,-0.932956,2.13825
-0.800598,-0.961312,2.16227
-0.800726,-0.991433,2.17446
-0.800566,-1.02296,2.18117
-0.801492,-1.05347,2.2002
-0.803345,-1.08249,2.23248
-0.804714,-1.11239,2.27813
-0.805722,-1.14259,2.31606
-0.809402,-1.16549,2.36945
-0.814339,-1.1843,2.42979
-0.818673,-1.20282,2.48919
-0.824009,-1.21749,2.57774
-0.829688,-1.22885,2.65139
-0.835285,-1.23752,2.74083
-0.841442,-1.24284,2.83801
-0.847301,-1.2463,2.91018
-0.852516,-1.24768,2.99786
-0.857003,-1.24735,3.0697
-0.859873,-1.2458,3.15548
-0.860983,-1.2431,3.23927
-0.862862,-1.23895,3.30395
-0.866107,-1.23337,3.37898
-0.869077,-1.2271,3.43872
-0.871398,-1.22012,3.49613
-0.873052,-1.21247,3.54141
-0.873865,-1.20422,3.57741
-0.875115,-1.19536,3.60481
-0.874694,-1.18621,3.62656
-0.873812,-1.17672,3.65111
-0.872231,-1.167,3.67828
-0.870383,-1.15727,3.70036
-0.86799,-1.14724,3.72664
-0.863936,-1.13727,3.74814
-0.861211,-1.12736,3.75233
-0.859019,-1.11776,3.75974
-0.856413,-1.10764,3.78229
-0.851795,-1.09734,3.80926
-0.848499,-1.08722,3.81258
-0.844216,-1.0766,3.83709
-0.839356,-1.06552,3.85123
-0.835997,-1.05497,3.84409
-0.830949,-1.04406,3.84451
-0.827081,-1.0336,3.84393
-0.821519,-1.02267,3.84436
-0.816511,-1.01202,3.84744
-0.81177,-1.00133,3.84841
-0.806412,-0.990564,3.84911
-0.799451,-0.97928,3.84993
-0.792275,-0.968076,3.85139
-0.783565,-0.956522,3.8517
-0.774987,-0.945064,3.85411
-0.766841,-0.934155,3.85524
-0.758348,-0.923853,3.85621
-0.748606,-0.913025,3.85764
-0.736592,-0.901388,3.85798
-0.726299,-0.890621,3.86091
-0.713698,-0.879035,3.86106
-0.701662,-0.869716,3.86461
-0.689054,-0.860349,3.86822
-0.678099,-0.849887,3.868
-0.667162,-0.840689,3.86973
-0.655102,-0.831339,3.87143
-0.645354,-0.822942,3.87378
-0.632727,-0.812669,3.87466
-0.618519,-0.801956,3.87438
-0.605489,-0.792095,3.87548
-0.59225,-0.781996,3.87697
-0.57867,-0.772583,3.87849
-0.565152,-0.761959,3.87685
-0.552838,-0.751591,3.87839
-0.541152,-0.743498,3.88126
-0.527947,-0.733438,3.88274
-0.514601,-0.72237,3.88117
-0.501849,-0.710257,3.87921
-0.488961,-0.697488,3.87836
-0.477323,-0.685164,3.87484
-0.465882,-0.671337,3.8616
-0.454381,-0.657364,3.84693
-0.442762,-0.642912,3.82663
-0.432476,-0.627237,3.79609
-0.421771,-0.612338,3.74954
-0.411144,-0.598333,3.70315
-0.401285,-0.584071,3.67741
-0.392522,-0.568039,3.62249
-0.384669,-0.551269,3.59605
-0.377392,-0.532838,3.54171
-0.37075,-0.512617,3.49355
-0.364623,-0.492901,3.50487
-0.358447,-0.472001,3.49994
-0.352981,-0.451555,3.49908
-0.348015,-0.431143,3.49412
-0.342998,-0.40997,3.49417
-0.338472,-0.389141,3.48805
-0.334397,-0.369238,3.48473
-0.33009,-0.347939,3.48703
-0.326485,-0.327399,3.479
-0.323341,-0.30708,3.47311
-0.320812,-0.285487,3.4683
-0.31844,-0.262974,3.46403
-0.316985,-0.242299,3.45928
-0.316044,-0.222648,3.45456
-0.315274,-0.202676,3.45082
-0.314937,-0.18209,3.44712
-0.31498,-0.162348,3.44001
-0.315387,-0.142152,3.44193
-0.315821,-0.123892,3.4381
-0.316001,-0.106499,3.43482
-0.316343,-0.0889841,3.43135
-0.316824,-0.0718769,3.43012
-0.317512,-0.054255,3.42375
-0.318266,-0.0360563,3.40392
-0.318652,-0.0180033,3.3768
-0.319537,0.0002139,3.34612
-0.320851,0.0171787,3.33341
-0.322808,0.034977,3.29021
-0.325383,0.0526184,3.25537
-0.327884,0.0692869,3.2389
-0.330745,0.086065,3.20663
-0.334591,0.102863,3.1723
-0.338515,0.118675,3.1645
-0.342536,0.134051,3.16327
-0.34734,0.149174,3.15885
-0.351797,0.164541,3.16092
-0.356065,0.17979,3.15475
-0.360261,0.195162,3.14901
-0.365114,0.211563,3.1421
-0.370783,0.228585,3.14245
-0.375793,0.24552,3.13113
-0.381305,0.263264,3.12564
-0.387074,0.281016,3.12036
-0.393183,0.298672,3.10955
-0.399431,0.315826,3.10345
-0.405395,0.332614,3.09372
-0.411652,0.348654,3.08843
-0.418322,0.364299,3.07164
-0.424555,0.379425,3.03469
-0.43145,0.393909,2.98407
-0.438575,0.407678,2.93674
-0.4456,0.420889,2.91468
-0.454155,0.433025,2.86032
-0.462482,0.444842,2.84133
-0.471413,0.456241,2.82246
-0.481841,0.466662,2.80349
-0.493423,0.477201,2.8153
-0.504854,0.487233,2.81274
-0.516429,0.497046,2.80357
-0.529428,0.50628,2.80245
-0.542146,0.516434,2.79344
-0.553843,0.527078,2.78363
-0.56754,0.53758,2.783
-0.580006,0.54869,2.77409
-0.592048,0.560491,2.76625
-0.605495,0.572006,2.7655
-0.618205,0.585282,2.75018
-0.632389,0.598375,2.74986
-0.644769,0.61261,2.74292
-0.656094,0.626429,2.73384
-0.668758,0.640742,2.7217
-0.682899,0.654715,2.71729
-0.694797,0.669574,2.70313
-0.708022,0.684084,2.69964
-0.72055,0.697735,2.69175
-0.732653,0.710328,2.68314
-0.746766,0.722514,2.67462
-0.759131,0.734293,2.66578
-0.7718,0.746115,2.65568
-0.786054,0.757322,2.64815
-0.800364,0.768073,2.64052
-0.811594,0.780533,2.63621
-0.821803,0.793039,2.62816
-0.833493,0.805039,2.62353
-0.845894,0.818345,2.61504
-0.853594,0.835738,2.60867
-0.86241,0.852751,2.60898
-0.869288,0.870996,2.60661
-0.877148,0.887266,2.60012
-0.88685,0.90347,2.60041
-0.894715,0.920771,2.59695
-0.900739,0.938477,2.59281
-0.908413,0.956349,2.59068
-0.914221,0.97444,2.58691
-0.920202,0.990299,2.58359
-0.927927,1.00623,2.57924
-0.933534,1.02329,2.57508
-0.940509,1.04011,2.5743
-0.946253,1.0577,2.57822
-0.952067,1.07411,2.5809
-0.959964,1.09067,2.6034
-0.966775,1.10712,2.63919
-0.97643,1.12189,2.67999
-0.987571,1.13669,2.76928
-0.996661,1.15208,2.86033
-1.00677,1.16784,2.9674
-1.01337,1.18389,2.93948
-1.01812,1.20147,2.97858
-1.02385,1.22049,3.10573
-1.0206,1.2407,3.13169
-1.01657,1.26079,3.1477
-1.01255,1.2815,3.17941
-1.01006,1.30123,3.1744
-1.00796,1.32034,3.18267
-1.00524,1.33923,3.21032
-1.00345,1.3585,3.22348
-1.00197,1.37638,3.28861
-0.999027,1.39262,3.35337
-0.996268,1.40892,3.46529
-0.992088,1.42426,3.52428
-0.986438,1.43928,3.5959
-0.980428,1.4538,3.69954
-0.972993,1.46837,3.74913
-0.964036,1.48333,3.75418
-0.954628,1.49746,3.77834
-0.943686,1.51168,3.78438
-0.930898,1.52546,3.80751
-0.918089,1.538,3.80711
-0.903214,1.54926,3.83575
-0.886324,1.559,3.86368
-0.867464,1.56715,3.89021
-0.848048,1.57267,3.89366
-0.826901,1.57695,3.92618
-0.804146,1.57987,3.96074
-0.780909,1.57942,3.97766
-0.756381,1.57838,4.01103
-0.731124,1.57765,4.03932
-0.705029,1.57251,4.06525
-0.678732,1.5688,4.09309
-0.649795,1.56495,4.15646
-0.620613,1.55639,4.17045
-0.591827,1.55203,4.19649
-0.563077,1.54618,4.21369
-0.534226,1.53769,4.22933
-0.506871,1.53169,4.24258
-0.479765,1.51972,4.2446
-0.453892,1.51109,4.25832
-0.427662,1.5041,4.2832
-0.401978,1.49547,4.29875
-0.376882,1.48857,4.32522
-0.352841,1.48088,4.34003
-0.329919,1.4711,4.3579
-0.307106,1.46512,4.38251
-0.285652,1.45786,4.40092
-0.265212,1.44998,4.41908
-0.245925,1.44043,4.43789
-0.226961,1.43474,4.44538
-0.208371,1.43116,4.45958
-0.190214,1.4274,4.47729
-0.172442,1.4306,4.47439
-0.15421,1.42824,4.51023
-0.13599,1.42445,4.53963
-0.116604,1.42719,4.55096
-0.0972554,1.42377,4.61456
-0.0801167,1.4155,4.63643
-0.0615998,1.41455,4.6373
-0.0434748,1.41242,4.64544
-0.0261316,1.40899,4.65105
-0.00901328,1.40407,4.65633
0.00825015,1.40038,4.66146
0.0234113,1.39199,4.66223
0.0412295,1.38938,4.67185
0.0587753,1.38599,4.67585
0.0770953,1.38502,4.6816
0.0946161,1.38353,4.68549
0.112488,1.37883,4.69026
0.130088,1.37679,4.6927
0.145829,1.36956,4.6936
0.162194,1.36516,4.69804
0.179602,1.35724,4.70241
0.196342,1.35411,4.70276
0.212693,1.35354,4.7044
0.227311,1.34906,4.70493
0.243346,1.35232,4.7075
0.25763,1.35204,4.70747
0.272809,1.35324,4.70991
0.289086,1.35541,4.71263
0.305488,1.35775,4.71282
0.322084,1.35953,4.71418
0.337842,1.36482,4.71445
0.353352,1.37058,4.71449
0.369686,1.37349,4.71629
0.38559,1.37838,4.71737
0.401247,1.3832,4.71873
0.416069,1.39105,4.71778
0.43212,1.39571,4.71911
0.446761,1.3971,4.71883
0.463097,1.40154,4.71973
0.478159,1.40272,4.72004
0.491833,1.41401,4.71574
0.504089,1.42271,4.71616
0.518394,1.42898,4.71788
0.529648,1.43637,4.71606
0.539331,1.4403,4.71693
0.55152,1.44377,4.71718
0.564813,1.44863,4.71706
0.576963,1.45042,4.71641
0.591354,1.45151,4.71673
0.607852,1.45201,4.72221
0.623959,1.44844,4.72945
0.640357,1.44861,4.73356
0.655193,1.45011,4.73646
0.669334,1.44773,4.74513
0.681031,1.44836,4.74531
0.69126,1.45078,4.75053
0.700659,1.45534,4.7549
0.709212,1.45662,4.77819
0.7171,1.45973,4.81092
0.723538,1.45931,4.86698
0.736344,1.45783,4.90031
0.752692,1.45643,4.93863
0.767167,1.45832,4.9602
0.7858,1.45056,5.0486
0.802144,1.44782,5.07107
0.81827,1.44534,5.16375
0.83361,1.43952,5.23108
0.848195,1.44055,5.28092
0.862182,1.4417,5.35721
0.876318,1.44385,5.45368
0.889119,1.44344,5.5187
0.900425,1.44198,5.54506
0.909791,1.43474,5.66839
0.916913,1.42358,5.74639
0.921562,1.40862,5.81835
0.922884,1.38818,5.91061
0.921102,1.36346,5.98283
0.915203,1.33273,6.07549
0.90808,1.30627,6.14927
0.898876,1.28137,6.23671
0.887926,1.25812,0.0323201
0.875262,1.23661,0.116481
0.861245,1.21689,0.191095
0.845638,1.19912,0.284382
0.829042,1.18322,0.357008
0.811345,1.16934,0.443078
0.79316,1.15729,0.505775
0.774231,1.14728,0.58951
0.755087,1.13907,0.65236
0.735775,1.1327,0.719341
0.716837,1.12771,0.758947
0.698573,1.12382,0.781971
0.681293,1.12066,0.78533
0.665044,1.11813,0.784801
0.686155,1.10496,0.781863
0.7059,1.08917,0.778361
0.723538,1.0698,0.776887
0.739366,1.04567,0.783668
0.750274,1.03041,0.797685
0.758285,1.01612,0.818582
0.762838,0.997574,0.852537
0.763994,0.975128,0.885283
0.762812,0.961394,0.924114
0.758247,0.945318,0.957018
0.749064,0.925734,0.99444
0.736148,0.903693,1.01528
0.718545,0.878346,1.02728
0.697482,0.850932,1.02901
0.688133,0.847175,1.02506
0.679684,0.846467,1.02296
0.670257,0.846579,1.02057
0.659978,0.847051,1.01823
0.647296,0.847014,1.01672
0.632016,0.845766,1.01716
0.619982,0.846532,1.01561
0.607579,0.846704,1.01418
0.592211,0.845067,1.01439
0.574156,0.841714,1.01555
0.55297,0.836284,1.01535
0.529278,0.82912,1.01459
0.501824,0.819365,1.0152
0.471795,0.807639,1.01527
0.437727,0.792918,1.01543
0.426515,0.790969,1.0128
0.413338,0.787056,1.01258
0.403802,0.785608,1.01058
0.394421,0.784148,1.00772
0.385008,0.782476,1.0055
0.375118,0.780265,1.00424
0.365167,0.777826,1.0031
0.355514,0.774935,0.99891
0.345486,0.771827,0.997597
0.334747,0.767821,0.996836
0.32386,0.763007,0.994009
0.313521,0.758864,0.992565
0.302766,0.753347,0.980577
0.292799,0.74798,0.942599
0.282074,0.742118,0.879634
0.271135,0.734509,0.764571
0.260722,0.725313,0.666091
0.249569,0.713871,0.551273
0.239606,0.702712,0.524137
0.229469,0.691467,0.472508
0.218191,0.678264,0.365912
0.205889,0.663868,0.276377
0.193446,0.647343,0.227428
0.181838,0.629729,0.204614
0.172085,0.612194,0.185642
0.163757,0.594603,0.178492
0.157383,0.577699,0.163534
0.152544,0.560736,0.157134
0.148921,0.543164,0.151522
0.147252,0.52664,0.13915
0.147029,0.509447,0.132688
0.148272,0.492199,0.127151
0.150545,0.475321,0.118481
0.153932,0.458288,0.114165
0.158312,0.441036,0.105556
0.163259,0.423701,0.101091
0.168889,0.405733,0.0975903
0.174959,0.388096,0.0945908
0.181329,0.369966,0.0994703
0.188087,0.351689,0.103685
0.194821,0.333421,0.101183
0.201882,0.315104,0.0975095
0.20882,0.296751,0.0909573
0.215608,0.278593,0.0892917
0.222464,0.260124,0.0866649
0.229329,0.241938,0.0836787
0.234525,0.224316,0.0801086
0.239088,0.206613,0.0792108
0.244003,0.18981,0.0761962
0.249086,0.172257,0.0755726
0.253371,0.15574,0.0744633
0.256719,0.138397,0.0722426
0.25979,0.120802,0.0716831
0.263425,0.102513,0.0678606
0.26671,0.0844319,0.0655348
0.269723,0.0661196,0.0654837
0.272309,0.048542,0.0631948
0.274767,0.030827,0.0612415
0.277228,0.0133494,0.0587448
0.279899,-0.00386644,0.0555212
0.282683,-0.0207796,0.0541001
0.285231,-0.0376991,0.0516503
0.287499,-0.0543437,0.051123
0.289773,-0.0710696,0.0516665
0.291567,-0.0875083,0.0501705
0.293432,-0.1042,0.049164
0.295217,-0.120751,0.0491286
0.296661,-0.137361,0.0468609
0.298088,-0.153767,0.045893
0.298749,-0.170376,0.0455832
0.298845,-0.186926,0.0439782
0.299181,-0.203518,0.0430093
0.299563,-0.219955,0.0410428
0.300859,-0.236816,0.0386463
0.301513,-0.253513,0.0383783
0.301496,-0.270381,0.037411
0.30148,-0.286877,0.0367223
0.301056,-0.302388,0.0362082
0.300991,-0.317641,0.0364437
0.30022,-0.332612,0.0363279
0.297823,-0.348773,0.0362494
0.295642,-0.365593,0.03586
0.293051,-0.382561,0.0359866
0.290347,-0.399713,0.0349748
0.287182,-0.417219,0.0348367
0.284939,-0.434389,0.0277172
0.283043,-0.451681,0.0152414
0.28173,-0.468683,0.000977149
0.280818,-0.484773,6.26945
0.28026,-0.499855,6.26331
0.279195,-0.514552,6.25579
0.278274,-0.529815,6.23501
0.27828,-0.545479,6.2034
0.278462,-0.56035,6.18457
0.278118,-0.575007,6.15703
0.27884,-0.589773,6.07299
0.279937,-0.60458,5.94247
0.281339,-0.618903,5.86296
0.282311,-0.633609,5.75393
0.285546,-0.64877,5.56297
0.287059,-0.665989,5.47807
0.289539,-0.68479,5.48598
0.293968,-0.704337,5.42798
0.300586,-0.725596,5.42591
0.309119,-0.746946,5.40638
0.320354,-0.770383,5.40277
0.333161,-0.792505,5.3888
0.347918,-0.812711,5.3729
0.364731,-0.834447,5.38833
0.38344,-0.853366,5.37057
0.403239,-0.86868,5.34937
0.425796,-0.885676,5.35905
0.449652,-0.89832,5.327
0.475607,-0.907411,5.30258
0.504103,-0.917006,5.3045
0.534104,-0.922748,5.29235
0.563324,-0.925948,5.28105
0.592731,-0.927088,5.27912
0.624651,-0.928244,5.34177
0.655124,-0.92789,5.44433
0.683611,-0.927574,5.50593
0.71438,-0.928715,5.71996
0.743038,-0.927953,5.81805
0.774339,-0.923861,5.88655
0.806411,-0.92049,6.00478
0.837543,-0.918787,6.08143
0.865577,-0.918822,6.05857
0.891584,-0.919883,6.06257
0.916262,-0.923063,6.07835
0.939956,-0.928221,6.08843
0.960079,-0.934102,6.09828
0.980796,-0.941036,6.09648
0.996623,-0.949104,6.10156
1.00839,-0.958454,6.11029
1.02027,-0.969066,6.10989
1.02841,-0.981862,6.11705
1.03335,-0.995997,6.12339
1.03529,-1.01346,6.12941
1.03494,-1.03275,6.13475
1.03243,-1.05278,6.14257
1.02952,-1.0753,6.16698
1.02371,-1.09758,6.19385
1.0163,-1.12142,6.2582
1.00568,-1.14641,0.0358865
0.997808,-1.17237,0.0963961
0.985985,-1.20131,0.20666
0.97035,-1.23238,0.340959
0.959331,-1.26157,0.374332
0.950139,-1.2878,0.437142
0.93961,-1.31443,0.549229
0.932036,-1.34034,0.618964
0.925129,-1.36616,0.773912
0.916688,-1.39231,0.92795
0.905977,-1.4184,1.03317
0.891731,-1.44364,1.12009
0.875102,-1.46739,1.16199
0.855745,-1.48842,1.19694
0.835117,-1.50686,1.20583
0.814503,-1.52185,1.25086
0.794929,-1.53497,1.29162
0.775607,-1.54445,1.30569
0.757375,-1.55182,1.31184
0.739461,-1.55694,1.32839
0.722887,-1.56054,1.33656
0.706974,-1.56295,1.37625
0.692547,-1.56454,1.41608
0.678914,-1.5641,1.43962
0.666459,-1.56339,1.44542
0.655145,-1.56005,1.4402
0.645393,-1.55715,1.44616
0.637049,-1.55555,1.45433
0.629307,-1.55364,1.46463
0.618981,-1.55139,1.48125
0.605233,-1.54874,1.49313
0.584749,-1.54489,1.51243
0.558757,-1.54158,1.56005
0.526634,-1.53672,1.65985
0.490679,-1.53121,1.78834
0.450232,-1.52745,1.93603
0.406521,-1.52109,2.00857
0.358521,-1.5116,2.06712
0.30779,-1.50124,2.11203
0.255381,-1.49156,2.3701
0.203316,-1.48378,2.53962
0.154444,-1.4787,2.58062
0.10687,-1.47474,2.72997
0.0602678,-1.47119,2.92714
0.0160123,-1.46707,3.09445
-0.0227085,-1.465,3.14928
-0.0538039,-1.46266,3.16064
-0.0773451,-1.45909,3.14968
-0.0938263,-1.45209,3.14871
-0.109926,-1.44633,3.14553
-0.123916,-1.4408,3.13596
-0.136371,-1.43553,3.10498
-0.148243,-1.43063,3.03327
-0.160931,-1.4265,2.89558
-0.173462,-1.42319,2.79969
-0.185677,-1.4208,2.70926
-0.200306,-1.42136,2.46051
-0.215513,-1.42463,2.27763
-0.229823,-1.42951,2.17413
-0.241958,-1.43415,2.17318
-0.251865,-1.43832,2.18757
-0.260197,-1.44276,2.15964
-0.266833,-1.44716,2.15026
-0.269043,-1.4491,2.1673
-0.26534,-1.44664,2.12486
-0.256833,-1.44035,2.00705
-0.243472,-1.42939,1.93675
-0.236775,-1.42683,1.97177
-0.226497,-1.42119,1.98279
-0.223542,-1.42103,2.00106
-0.219522,-1.42027,2.00267
-0.212576,-1.42319,2.00374
-0.208965,-1.42592,1.9429
-0.204655,-1.42796,1.91539
-0.201684,-1.43214,1.9295
-0.199254,-1.43574,1.94127
-0.194673,-1.43816,1.9443
-0.193039,-1.44149,1.9405
-0.192172,-1.44449,1.94626
-0.193439,-1.44524,1.94818
-0.196676,-1.44673,1.95475
-0.203447,-1.44722,1.97441
-0.212399,-1.44854,1.95803
-0.228363,-1.44368,1.92134
-0.246998,-1.44021,1.89221
-0.274076,-1.43648,1.84357
-0.307801,-1.42479,1.85324
-0.351501,-1.40759,1.83846
-0.406582,-1.39445,1.81985
-0.467782,-1.38215,1.80928
-0.533825,-1.36717,1.79509
-0.598636,-1.35879,1.77509
-0.66187,-1.3498,1.79749
-0.720424,-1.34327,1.88838
-0.774709,-1.33694,1.9996
-0.82767,-1.32959,2.34051
-0.874904,-1.32416,2.21245
-0.921566,-1.31468,2.65976
-0.965528,-1.30401,2.78093
-1.00725,-1.29396,2.64228
-1.04731,-1.28276,2.63029
-1.0844,-1.27174,2.62925
-1.12223,-1.25758,2.65833
-1.159,-1.24187,2.7091
-1.19145,-1.22775,2.7137
-1.22003,-1.21463,2.73478
-1.24544,-1.20269,2.73139
-1.2663,-1.19127,2.80508
-1.2823,-1.18033,2.90513
-1.29518,-1.17031,2.93402
-1.30481,-1.16114,2.9774
-1.31246,-1.15297,2.97041
-1.3181,-1.14572,2.97159
-1.32162,-1.1393,2.98461
-1.32334,-1.1337,2.98969
-1.32338,-1.12887,2.99608
-1.32188,-1.12476,3.00211
-1.31893,-1.12132,3.01007
-1.31466,-1.11851,3.01762
-1.30918,-1.1163,3.02647
-1.3026,-1.11464,3.03446
-1.29497,-1.11349,3.04675
-1.28645,-1.11282,3.05601
-1.25824,-1.03676,3.09628
-1.22815,-0.957727,3.1117
-1.19987,-0.878383,3.0322
-1.16829,-0.791723,2.98801
-1.13928,-0.703531,2.90331
-1.10834,-0.613069,2.94918
-1.07575,-0.519472,2.96545
-1.04472,-0.424138,2.94669
-1.01293,-0.32349,2.92422
-0.981564,-0.219341,2.92949
-0.951629,-0.103698,2.91917
-0.923569,0.0213552,2.91924
-0.897531,0.142908,2.92392
-0.874674,0.264403,2.92727
-0.853967,0.391157,2.93555
-0.836611,0.517755,2.94048
-0.822907,0.651046,2.94915
-0.812597,0.781707,2.95289
-0.806235,0.917269,2.95992
-0.804511,1.05557,2.96934
-0.805509,1.19385,2.97734
-0.808175,1.3232,2.98663
-0.812606,1.45002,3.02088
-0.818753,1.57379,3.12831
-0.825221,1.687,3.21074
-0.833114,1.79976,3.30531
-0.842055,1.90551,3.22317
-0.849192,1.99962,3.20433
-0.857444,2.09292,3.20458
-0.867398,2.16959,3.30232
-0.872052,2.23226,3.45704
-0.876082,2.2953,3.74273
-0.876842,2.35051,3.85637
-0.87565,2.40608,4.06411
-0.873126,2.4589,4.10198
-0.869793,2.4993,4.08767
-0.865579,2.53656,4.07631
-0.860663,2.56919,4.07546
-0.85431,2.59262,4.07021
-0.845464,2.61343,4.07785
-0.840475,2.61752,4.08146
-0.837078,2.59662,4.1442
-0.829173,2.57655,4.17783
-0.81407,2.55395,4.25199
-0.793822,2.53146,4.34428
-0.767782,2.50784,4.4533
-0.738344,2.4796,4.48136
-0.703916,2.455,4.53146
-0.663679,2.42557,4.54442
-0.618691,2.39063,4.55909
-0.561924,2.35439,4.59826
-0.498805,2.3207,4.60986
-0.427433,2.27864,4.64498
-0.345143,2.23474,4.67404
-0.257401,2.18915,4.69797
-0.168621,2.13579,4.71987
-0.0739947,2.08061,4.74281
0.0254033,2.02491,4.76399
0.13254,1.96978,4.78107
0.235568,1.91472,4.80095
0.335103,1.86105,4.8224
0.436916,1.80778,4.88293
0.541311,1.75576,4.94255
0.638267,1.70303,4.99992
0.731069,1.65114,5.10602
0.824598,1.59949,5.36336
0.919236,1.5484,5.67442
1.01337,1.4983,5.92284
1.10772,1.4492,6.0715
1.20094,1.40153,6.10193
1.29301,1.35462,6.08537
1.38237,1.30876,6.06918
1.47018,1.26318,6.05138
1.55485,1.21849,6.05578
1.62484,1.17886,6.14255
1.68603,1.14232,6.19856
1.73973,1.10888,6.21507
1.78678,1.0785,6.21049
1.82737,1.05105,6.21511
1.86041,1.02639,0.00424585
1.8848,1.00472,0.150641
1.90314,0.985845,0.198612
1.91691,0.969463,0.19627
1.92638,0.955474,0.195257
1.93183,0.943772,0.195624
1.93349,0.934267,0.200023
1.93168,0.926842,0.202986
1.92661,0.921402,0.209293
1.9185,0.917853,0.219175
1.90758,0.916096,0.230621
1.89392,0.916068,0.250956
1.87792,0.917635,0.265773
1.8599,0.920673,0.276866
1.8401,0.925073,0.287112
1.81885,0.930702,0.292147
1.79628,0.937486,0.301067
1.70456,0.848236,0.308557
1.61472,0.757927,0.311243
1.52697,0.667589,0.268221
1.43862,0.575219,0.147741
1.3517,0.484032,6.27473
1.26777,0.392086,6.09502
1.18653,0.299939,5.99705
1.10541,0.210102,6.02386
1.02896,0.118478,5.99084
0.951587,0.0275998,6.0099
0.87525,-0.0652017,6.01467
0.802343,-0.159325,6.02012
0.732638,-0.254368,6.02093
0.66798,-0.352107,6.02126
0.609104,-0.456662,6.0271
0.558293,-0.568173,5.99532
0.511364,-0.680328,5.92223
0.474849,-0.786571,5.83679
0.44223,-0.89055,5.79075
0.414245,-0.986018,5.84324
0.389663,-1.07283,5.84024
0.368358,-1.1575,5.84461
0.34971,-1.23231,5.83942
0.334031,-1.29589,5.83426
0.321493,-1.35798,5.83657
0.312795,-1.41144,5.82984
0.307233,-1.45466,5.82651
0.3067,-1.50028,5.83112
0.308613,-1.53725,5.82621
0.313928,-1.56761,5.83341
0.322983,-1.59768,5.84964
0.335463,-1.62084,5.86946
0.350509,-1.64031,5.95619
0.367782,-1.6577,6.10484
0.386291,-1.67094,6.2154
0.400484,-1.68369,0.0825876
0.416723,-1.69587,0.311942
0.434904,-1.70694,0.486636
0.454085,-1.71621,0.430049
0.475193,-1.72691,0.457193
0.497427,-1.73827,0.447151
0.520894,-1.74803,0.439081
0.54606,-1.75895,0.432305
0.572789,-1.77072,0.372285
0.601821,-1.78439,0.223997
0.632825,-1.79915,0.0878444
0.663699,-1.80573,0.0410257
0.691677,-1.8091,0.121323
0.711979,-1.77814,0.151969
0.737611,-1.73619,0.170537
0.758107,-1.69616,0.192547
0.777552,-1.65746,0.19389
0.794345,-1.6216,0.2198
0.807838,-1.58941,0.236468
0.82195,-1.56002,0.249854
0.841397,-1.52913,0.256133
0.860875,-1.50215,0.26593
0.875782,-1.48085,0.278809
0.892133,-1.46013,0.282383
0.900908,-1.44769,0.29833
0.904137,-1.44258,0.310499
0.9036,-1.44091,0.312601
0.90227,-1.44267,0.313031
0.8951,-1.44935,0.313385
0.889327,-1.45499,0.329828
0.880176,-1.46407,0.370443
0.869105,-1.47423,0.433444
0.860971,-1.48358,0.54182
0.853799,-1.49238,0.702667
0.846827,-1.50037,0.737339
0.841338,-1.5079,0.711769
0.836264,-1.51596,0.820852
0.829239,-1.5203,0.901115
0.821362,-1.52463,1.06665
0.811466,-1.52295,1.07623
0.801112,-1.52098,1.14737
0.790737,-1.5173,1.14899
0.780081,-1.51031,1.16347
0.769835,-1.50228,1.17152
0.76005,-1.49345,1.18199
0.750423,-1.48404,1.27968
0.741008,-1.4743,1.39189
0.731401,-1.46372,1.48371
0.720906,-1.4509,1.53187
0.711576,-1.43853,1.53319
0.703819,-1.42759,1.52512
0.696539,-1.41716,1.53541
0.690244,-1.40712,1.53625
0.683446,-1.3975,1.53957
0.675524,-1.38894,1.55314
0.665463,-1.3812,1.56386
0.653392,-1.37409,1.57005
0.638002,-1.36821,1.58343
0.621108,-1.36252,1.59043
0.584236,-1.35645,1.61932
0.540059,-1.35035,1.62835
0.49149,-1.34649,1.63338
0.437322,-1.34318,1.6383
0.379917,-1.34024,1.643
0.321864,-1.33681,1.66576
0.263184,-1.33257,1.85912
0.207138,-1.31761,1.95299
0.155054,-1.3026,1.97899
0.107135,-1.28737,1.99217
0.0625403,-1.27372,1.98631
0.0216178,-1.25964,1.98337
-0.0157706,-1.24556,1.98249
-0.049755,-1.23212,1.98487
-0.080359,-1.21845,1.98514
-0.107693,-1.20471,1.98489
-0.13068,-1.2159,1.96196
-0.147375,-1.23311,1.84941
-0.161216,-1.24698,1.71495
-0.171654,-1.26531,1.68197
-0.180732,-1.28259,1.69638
-0.188898,-1.29957,1.70242
-0.196465,-1.31705,1.70116
-0.201714,-1.33479,1.70136
-0.206134,-1.34873,1.69406
-0.210422,-1.36278,1.64202
-0.213502,-1.37465,1.62444
-0.215475,-1.38641,1.62924
-0.216656,-1.39702,1.63742
-0.216593,-1.40703,1.63926
-0.215871,-1.41722,1.64089
-0.216077,-1.428,1.64298
-0.218655,-1.43876,1.69593
-0.222663,-1.44848,1.75819
-0.228391,-1.45901,1.79965
-0.237684,-1.46912,1.8327
-0.248877,-1.48044,1.81793
-0.262461,-1.49206,1.81788
-0.281889,-1.50297,1.83106
-0.310603,-1.51056,1.84603
-0.344988,-1.5163,1.85558
-0.38736,-1.51265,1.87159
-0.432114,-1.50887,1.88358
-0.48137,-1.5036,1.90321
-0.540058,-1.49633,1.92355
-0.603707,-1.48659,1.93358
-0.668323,-1.4759,1.93838
-0.733136,-1.46471,1.93973
-0.795827,-1.45401,1.95774
-0.857291,-1.44179,2.05562
-0.917061,-1.42865,2.19512
-0.971302,-1.41402,2.30586
-1.0249,-1.39767,2.58149
-1.07296,-1.381,2.87156
-1.11862,-1.36325,3.1846
-1.16082,-1.345,3.39168
-1.19948,-1.32679,3.45287
-1.23491,-1.30847,3.44455
-1.26725,-1.28994,3.43189
-1.29598,-1.27157,3.42964
-1.32084,-1.25349,3.42996
-1.34255,-1.23667,3.42061
-1.36117,-1.22112,3.41842
-1.37688,-1.20679,3.41585
-1.36612,-1.19788,3.41692
-1.35028,-1.1866,3.42089
-1.32944,-1.17113,3.42711
-1.30508,-1.14917,3.43558
-1.27653,-1.12088,3.44472
-1.24504,-1.08663,3.45067
-1.21066,-1.0462,3.4568
-1.17567,-1.00108,3.45934
-1.13629,-0.951652,3.46948
-1.09715,-0.891494,3.47775
-1.05373,-0.826126,3.48194
-1.01153,-0.758277,3.44368
-0.970352,-0.685343,3.37737
-0.926378,-0.606641,3.32739
-0.88195,-0.522669,3.34928
-0.838068,-0.436827,3.35638
-0.789894,-0.3415,3.34833
-0.743377,-0.245169,3.33513
-0.699496,-0.149246,3.28135
-0.65226,-0.045237,3.13959
-0.610768,0.0581522,3.03799
-0.573165,0.163354,3.0083
-0.535411,0.27636,2.95135
-0.501105,0.384006,2.96616
-0.471338,0.487678,2.88021
-0.440304,0.595058,2.78721
-0.415875,0.69536,2.76986
-0.393389,0.791949,2.79245
-0.369237,0.890713,2.79618
-0.346491,0.987956,2.79523
-0.326429,1.07804,2.78776
-0.309654,1.16096,2.78476
-0.292547,1.25052,2.80512
-0.280448,1.33249,2.78664
-0.268461,1.42221,2.79949
-0.267588,1.49802,2.78248
-0.274907,1.56286,2.77884
-0.292434,1.60243,2.74857
-0.314244,1.66544,2.79419
-0.340184,1.72103,2.78476
-0.373,1.77379,2.8354
-0.4067,1.83119,2.97497
-0.444643,1.88008,3.10215
-0.48657,1.93117,3.40274
-0.525255,1.97805,3.5026
-0.562719,2.0322,3.80278
-0.598478,2.09212,3.90671
-0.631836,2.15555,3.90586
-0.666207,2.21515,3.82097
-0.698616,2.27015,3.80315
-0.72866,2.32094,3.79563
-0.755865,2.3603,3.821
-0.78019,2.39586,3.84726
-0.804213,2.41374,3.8339
-0.826848,2.42685,3.83121
-0.847481,2.43499,3.86846
-0.879012,2.3951,4.03909
-0.908133,2.35819,4.27142
-0.934264,2.3221,4.41266
-0.956933,2.27955,4.44972
-0.976545,2.23766,4.43948
-0.993552,2.19445,4.43674
-1.00878,2.14466,4.44203
-1.02196,2.09351,4.44685
-1.0333,2.04125,4.45548
-1.04392,1.98558,4.45909
-1.05308,1.93012,4.46164
-1.06184,1.87367,4.4651
-1.06928,1.8183,4.46697
-1.07567,1.76417,4.46877
-1.0806,1.7117,4.47065
-1.08577,1.66025,4.47301
-1.08966,1.61092,4.47455
-1.09263,1.56372,4.47587
-1.09561,1.51833,4.47781
-1.09777,1.47527,4.47893
-1.09916,1.43458,4.48003
