0,0.939943,0,-0.551604,0.940188,-0.551748,0.952053,-0.558711,0.481939
0,0.94227,0,-0.557391,0.94395,-0.558383,0.95293,-0.56814,0.577558
0,0.95437,0,-0.568594,0.960325,-0.572125,0.99362,-0.599949,0.698359
0,0.939651,0,-0.559465,0.954953,-0.568558,0.93471,-0.555404,0.574588
0,0.927985,0,-0.553794,0.960349,-0.573036,0.973062,-0.585609,0.693694
0,0.91184,0,-0.546433,0.971692,-0.582002,1.01472,-0.618478,0.808833
0,0.867563,0,-0.520504,0.968986,-0.580885,0.93676,-0.564538,0.653735
0,0.814832,0,-0.490633,0.97208,-0.584179,0.974435,-0.595373,0.766785
0,0.737803,0,-0.444356,0.968085,-0.581729,0.917252,-0.550781,0.638353
0,0.653303,0,-0.394843,0.968493,-0.582763,0.952378,-0.579854,0.75578
0,0.565116,0,-0.344513,0.97233,-0.586547,0.990547,-0.611464,0.875568
0,0.459342,0,-0.281391,0.970188,-0.58558,0.932031,-0.565817,0.739816
0,0.360195,0,-0.223974,0.971055,-0.587091,0.967757,-0.595971,0.851631
0,0.248546,0,-0.155783,0.966446,-0.584184,0.901732,-0.54346,0.672089
0,0.141155,0,-0.088758,0.961231,-0.580544,0.888844,-0.530515,0.612053
0,0.0557704,0,-0.0381089,0.959324,-0.579709,0.930085,-0.566162,0.760448
0,-0.00864046,0,-0.00264202,0.959788,-0.580874,0.964133,-0.595643,0.873338
0,-0.0835413,0,0.0433368,0.955912,-0.578563,0.89926,-0.544623,0.698837
0,-0.136282,0,0.0730468,0.954255,-0.578138,0.929912,-0.571893,0.812745
0,-0.197737,0,0.113502,0.949369,-0.574804,0.875205,-0.523956,0.599799
0,-0.234056,0,0.134374,0.947098,-0.573756,0.912891,-0.558129,0.744074
0,-0.250249,0,0.139809,0.946801,-0.574435,0.94398,-0.586559,0.860112
0,-0.279391,0,0.161,0.943607,-0.572198,0.892588,-0.536122,0.633852
0,-0.285674,0,0.163409,0.942804,-0.572099,0.931411,-0.571647,0.779002
0,-0.307083,0,0.181077,0.939184,-0.569438,0.878929,-0.524762,0.550116
0,-0.310702,0,0.18391,0.937249,-0.568306,0.905683,-0.54982,0.6477
0,-0.298162,0,0.173183,0.936989,-0.568696,0.934731,-0.577003,0.749129
0,-0.304986,0,0.180374,0.933849,-0.566555,0.879572,-0.529281,0.552769
0,-0.292536,0,0.170632,0.932738,-0.566296,0.914885,-0.562988,0.695475
0,-0.299195,0,0.178793,0.92891,-0.5636,0.860782,-0.515296,0.473494
0,-0.306636,0,0.186572,0.9245,-0.560603,0.845096,-0.506402,0.406313
0,-0.299781,0,0.181344,0.921431,-0.558923,0.866645,-0.529079,0.495796
0,-0.29406,0,0.17379,0.917957,-0.557392,0.855168,-0.53018,0.44894
0,-0.276204,0,0.154937,0.915751,-0.557189,0.876722,-0.555052,0.519773
-0.000297152,-0.273181,-0.043887,0.147057,0.911644,-0.555042,0.835943,-0.511875,0.256098
-0.000170198,-0.259051,-0.0438877,0.128575,0.908665,-0.55413,0.854308,-0.534493,0.188291
-4.81704e-05,-0.235448,-0.0287267,0.103161,0.906796,-0.554408,0.873626,-0.558899,0.00386247
-1.80746e-06,-0.226624,0.000215044,0.0988877,0.903218,-0.552769,0.836505,-0.522203,359.033
0.00310036,-0.209519,-0.11646,0.0668498,0.900527,-0.552764,0.850583,-0.54408,357.917
0.00667381,-0.208739,-0.14534,0.0478543,0.895842,-0.551048,0.80616,-0.506001,356.825
0.0186733,-0.197408,-0.244778,0.00309466,0.892087,-0.55112,0.819457,-0.532486,354.45
0.0253541,-0.198353,-0.247669,-0.0226676,0.88672,-0.549309,0.781341,-0.492728,353.86
0.0378385,-0.190349,-0.304059,-0.0632508,0.882055,-0.548688,0.789297,-0.510444,351.953
0.0592349,-0.171625,-0.363303,-0.119507,0.878315,-0.549541,0.801843,-0.535048,349.526
0.0815888,-0.164528,-0.449624,-0.165415,0.872939,-0.548557,0.761611,-0.489346,349.904
0.0939987,-0.149145,-0.496549,-0.22101,0.868309,-0.548571,0.770538,-0.504669,348.657
0.116729,-0.146805,-0.58725,-0.26965,0.861822,-0.547088,0.724665,-0.464708,348.858
0.128357,-0.136546,-0.638089,-0.327353,0.855969,-0.546508,0.730293,-0.47717,348.394
0.143393,-0.118666,-0.689585,-0.392806,0.850792,-0.546827,0.737136,-0.490347,348.112
0.155571,-0.117852,-0.726432,-0.438584,0.843481,-0.545101,0.685586,-0.443488,347.712
0.163466,-0.111044,-0.745134,-0.488104,0.836613,-0.544143,0.686786,-0.455711,347.541
0.174824,-0.116369,-0.770393,-0.513754,0.828048,-0.540625,0.643118,-0.39792,346.888
0.180096,-0.116113,-0.765903,-0.543014,0.819812,-0.537938,0.640949,-0.411884,346.647
0.185301,-0.125544,-0.760003,-0.544066,0.810154,-0.532365,0.602331,-0.348377,345.948
0.190432,-0.129597,-0.755447,-0.549863,0.800728,-0.527422,0.597098,-0.356325,345.755
0.187352,-0.130381,-0.73702,-0.559798,0.791482,-0.523328,0.591684,-0.370719,345.719
0.189342,-0.13948,-0.733489,-0.540584,0.78101,-0.515955,0.556594,-0.297526,345.332
0.190521,-0.144147,-0.724662,-0.528587,0.770719,-0.509274,0.549828,-0.305641,345.208
0.18855,-0.15555,-0.698758,-0.48933,0.759384,-0.499505,0.518155,-0.236393,344.591
0.187767,-0.171362,-0.673601,-0.434124,0.747157,-0.487548,0.488766,-0.183645,344.257
0.188308,-0.182942,-0.676764,-0.39293,0.734975,-0.476291,0.477487,-0.186662,344.644
0.179985,-0.19895,-0.650918,-0.339789,0.721992,-0.46322,0.449915,-0.140596,344.442
0.178904,-0.213533,-0.636584,-0.28094,0.70873,-0.448695,0.431885,-0.0993894,344.163
0.185616,-0.223554,-0.651825,-0.224616,0.695464,-0.433129,0.418546,-0.062838,344.047
0.18789,-0.23005,-0.658091,-0.171744,0.682199,-0.416729,0.405526,-0.0303581,344.084
0.182746,-0.23193,-0.641303,-0.119652,0.669228,-0.399513,0.39909,0.000919878,344.105
0.189651,-0.229317,-0.678044,-0.0909549,0.656444,-0.383377,0.389311,-0.00189418,344.642
0.186567,-0.223158,-0.688551,-0.0658894,0.643954,-0.366656,0.383277,0.0266026,345.037
0.182167,-0.213109,-0.690278,-0.0432223,0.631895,-0.349363,0.380138,0.0550847,345.396
0.186982,-0.198524,-0.725582,-0.0283664,0.620292,-0.331679,0.377089,0.0833497,345.702
0.190973,-0.179125,-0.75339,-0.0196204,0.609281,-0.313597,0.3773,0.111688,345.85
0.196272,-0.153549,-0.770156,-0.0252933,0.599103,-0.296344,0.383035,0.113753,345.556
0.19499,-0.133112,-0.78254,-0.0342926,0.588635,-0.278897,0.366322,0.136466,346.461
0.189411,-0.113583,-0.795679,-0.0439219,0.578391,-0.260994,0.360697,0.164848,346.759
0.187689,-0.0932704,-0.804556,-0.0520515,0.568532,-0.242468,0.358316,0.196975,346.978
0.18728,-0.0727098,-0.818846,-0.059831,0.559016,-0.223373,0.355429,0.228752,347.257
0.179634,-0.0552457,-0.80721,-0.0638578,0.549579,-0.203689,0.347851,0.259505,347.651
0.18575,-0.0382423,-0.852166,-0.0877038,0.540312,-0.185362,0.341179,0.254439,347.755
0.181269,-0.0227542,-0.835447,-0.102841,0.53125,-0.166212,0.336549,0.288511,347.761
0.18195,-0.00892161,-0.843192,-0.11422,0.522298,-0.146384,0.329691,0.322295,347.885
0.182658,0.00331869,-0.858001,-0.12264,0.513449,-0.12583,0.322775,0.358429,348.079
0.185401,0.0157596,-0.871015,-0.128442,0.504873,-0.104579,0.319378,0.39442,347.888
0.185272,0.0257852,-0.866691,-0.130394,0.496312,-0.0827023,0.31121,0.427699,347.979
0.182878,0.0392823,-0.850066,-0.126798,0.488466,-0.0601356,0.317663,0.462808,347.739
0.180357,0.0456888,-0.847883,-0.135151,0.480156,-0.038679,0.300414,0.460601,348.244
0.174405,0.0499958,-0.845056,-0.138461,0.471917,-0.0165402,0.29418,0.495562,348.434
0.167119,0.0531979,-0.821027,-0.133445,0.463859,0.0064231,0.290175,0.533185,348.555
0.154878,0.053872,-0.765972,-0.117158,0.455875,0.0302107,0.284439,0.569191,348.583
0.144368,0.051513,-0.707851,-0.0921679,0.44785,0.0546041,0.276176,0.601202,348.362
0.133078,0.047122,-0.643643,-0.0743169,0.439867,0.077742,0.269939,0.593465,348.274
0.121011,0.0415588,-0.579048,-0.0461407,0.432008,0.101521,0.265491,0.624693,348.118
0.100104,0.0327861,-0.471732,-0.00470761,0.424143,0.125795,0.25925,0.649469,347.921
0.080123,0.0221193,-0.373461,0.0466157,0.416369,0.15044,0.255073,0.672564,347.862
0.0685597,0.0113444,-0.317997,0.098324,0.408746,0.175065,0.251648,0.69118,347.805
0.0453513,-0.00096199,-0.208174,0.156407,0.401268,0.199605,0.249189,0.70374,347.615
0.0225175,-0.012537,-0.102896,0.220103,0.394174,0.224093,0.251848,0.717526,347.697
0.0225356,-0.0231658,-0.102892,0.259092,0.387176,0.246529,0.246946,0.697746,347.595
0.0107595,-0.0328121,-0.0488345,0.294179,0.380444,0.268255,0.246719,0.699871,347.555
-0.00288559,-0.0418725,0.0129826,0.328387,0.373969,0.289444,0.246687,0.70439,347.383
-0.0177646,-0.0503736,0.0791575,0.364164,0.367773,0.310286,0.247442,0.712137,347.32
-0.0337374,-0.0586733,0.149994,0.398692,0.361837,0.330386,0.248167,0.710861,347.328
-0.041798,-0.0665127,0.185804,0.417538,0.356083,0.348502,0.246782,0.685851,347.316
-0.0460088,-0.0720025,0.204214,0.433212,0.35068,0.366106,0.24881,0.691421,347.291
-0.0589901,-0.0783152,0.261819,0.43522,0.345408,0.381356,0.247299,0.654476,347.315
-0.0636547,-0.0815869,0.281762,0.451002,0.340592,0.39776,0.252039,0.692381,347.224
-0.0710349,-0.0832844,0.312818,0.464475,0.33614,0.413486,0.25552,0.691759,347.188
-0.0773385,-0.0838227,0.340572,0.471719,0.332015,0.428076,0.258427,0.68116,347.224
-0.0789379,-0.0841056,0.348118,0.464504,0.328061,0.440743,0.257989,0.654669,347.224
-0.0832995,-0.0828191,0.366767,0.457877,0.324472,0.452868,0.262046,0.654558,347.185
-0.0880607,-0.0804151,0.387506,0.447495,0.321227,0.4639,0.266027,0.642139,347.21
-0.089862,-0.0767467,0.395553,0.433871,0.318321,0.474001,0.269977,0.633163,347.192
-0.0979036,-0.072862,0.429458,0.422105,0.315742,0.483334,0.274518,0.624541,347.124
-0.100569,-0.0681239,0.438126,0.404988,0.313497,0.491406,0.27912,0.60686,347.021
-0.0930861,-0.0629102,0.404638,0.373543,0.311414,0.497668,0.279522,0.57998,347.069
-0.0874486,-0.0562906,0.38219,0.340263,0.309629,0.503218,0.283114,0.573708,347.155
-0.0826598,-0.0485416,0.362002,0.303115,0.308139,0.507753,0.28703,0.560145,347.12
-0.0784242,-0.0403774,0.343052,0.267231,0.306887,0.511789,0.290024,0.556394,347.126
-0.072967,-0.0319047,0.319743,0.23402,0.305848,0.515564,0.292653,0.557526,347.163
-0.0666569,-0.0232943,0.292809,0.199446,0.304995,0.518695,0.294826,0.550607,347.187
-0.0721459,-0.0181087,0.317202,0.166495,0.304079,0.520775,0.292962,0.530054,347.185
-0.0720477,-0.0128551,0.316134,0.13987,0.303384,0.522698,0.296595,0.529479,347.137
-0.0785444,-0.00856922,0.344662,0.119686,0.302886,0.524135,0.300488,0.519201,347.187
-0.077629,-0.00429155,0.341324,0.10279,0.302583,0.525235,0.303905,0.514259,347.187
-0.0789879,-0.00036677,0.344833,0.0897589,0.302465,0.52602,0.307516,0.508801,347.01
-0.0822178,0.00325895,0.354461,0.078864,0.30256,0.526257,0.312072,0.497554,346.872
-0.0880233,0.00408527,0.379601,0.068785,0.30261,0.525594,0.31161,0.477009,347.017
-0.0967369,0.00396447,0.422085,0.0683432,0.302833,0.524812,0.315968,0.470522,347.166
-0.112558,0.00171406,0.494866,0.0773557,0.303179,0.523579,0.3201,0.454198,347.206
-0.116442,-0.000527903,0.512532,0.0864381,0.303705,0.521682,0.324507,0.43764,347.194
-0.127588,-0.00332435,0.559097,0.101726,0.304443,0.519443,0.330425,0.424676,347.096
-0.13604,-0.00631261,0.592908,0.116845,0.305392,0.516383,0.3363,0.402254,347.059
-0.137523,-0.0104824,0.596115,0.125319,0.306332,0.512181,0.337166,0.374888,346.959
-0.146467,-0.0147328,0.630357,0.138652,0.307471,0.507667,0.34306,0.361334,346.879
-0.149745,-0.0167882,0.642703,0.146649,0.308993,0.502034,0.352515,0.332333,346.89
-0.163382,-0.0200171,0.699063,0.16051,0.310681,0.495899,0.35864,0.31149,346.8
-0.16267,-0.0224569,0.693493,0.170254,0.312546,0.489046,0.363969,0.2908,346.798
-0.168994,-0.0251508,0.717418,0.179625,0.31457,0.481467,0.36965,0.266829,346.693
-0.174154,-0.0298034,0.734237,0.185354,0.31653,0.472877,0.370768,0.236629,346.621
-0.176584,-0.0339755,0.733929,0.191806,0.318637,0.463987,0.376041,0.221918,346.323
-0.177102,-0.0367493,0.72176,0.192161,0.320973,0.454204,0.382961,0.195533,346.104
-0.194742,-0.0407668,0.779869,0.201545,0.323487,0.444231,0.390518,0.177011,345.855
-0.200353,-0.0443517,0.789702,0.206826,0.326192,0.433326,0.397506,0.146858,345.673
-0.194858,-0.0456212,0.752118,0.205412,0.329156,0.421814,0.405109,0.126665,345.277
-0.210621,-0.0506542,0.794183,0.210716,0.331992,0.410079,0.406744,0.106975,345.017
-0.210809,-0.0530241,0.776781,0.208809,0.335179,0.39742,0.417046,0.07722,344.616
-0.214997,-0.0564808,0.770387,0.198187,0.33837,0.383423,0.420664,0.0371508,344.198
-0.23029,-0.0614771,0.81306,0.207133,0.341649,0.370576,0.427015,0.0439501,344.174
-0.232852,-0.0640009,0.80319,0.204947,0.345288,0.356314,0.438026,0.00244296,343.491
-0.239335,-0.0657721,0.791562,0.198216,0.349173,0.341285,0.447393,-0.0267493,342.862
-0.24811,-0.0694274,0.785785,0.187589,0.353041,0.325429,0.451667,-0.0584529,342.091
-0.253564,-0.0715293,0.763607,0.173452,0.357219,0.308974,0.4625,-0.0847009,341.17
-0.269001,-0.0737798,0.767048,0.159566,0.361673,0.291959,0.473845,-0.113148,340.178
-0.26729,-0.0734389,0.723567,0.141954,0.366487,0.274584,0.485679,-0.133718,339.273
-0.271316,-0.0737256,0.694716,0.11552,0.371398,0.256022,0.492861,-0.173224,338.062
-0.283075,-0.0765124,0.688579,0.0895836,0.376288,0.236915,0.498317,-0.202298,337.243
-0.282869,-0.0782205,0.678018,0.0794241,0.381373,0.219109,0.507335,-0.193037,337.465
-0.273529,-0.0789768,0.64934,0.0637653,0.386515,0.200624,0.512837,-0.222422,336.849
-0.272211,-0.0764211,0.639791,0.0560378,0.392108,0.182697,0.527279,-0.228061,337.055
-0.272348,-0.0700766,0.634524,0.0462868,0.398276,0.164233,0.544895,-0.256589,336.486
-0.282539,-0.0648934,0.644311,0.0328856,0.404646,0.144799,0.556067,-0.296049,336.158
-0.280018,-0.0600566,0.632052,0.0171538,0.411128,0.124792,0.56445,-0.326205,336.052
-0.285571,-0.0564316,0.646465,0.0181624,0.417728,0.106032,0.573788,-0.320931,336.281
-0.27641,-0.0517236,0.628411,0.0132458,0.424493,0.0865841,0.582975,-0.352535,336.233
-0.269611,-0.044904,0.608734,0.013889,0.431585,0.0677463,0.595843,-0.357107,335.989
-0.27701,-0.0399215,0.619707,0.012807,0.438775,0.0483437,0.605495,-0.388683,335.842
-0.278578,-0.0341005,0.621045,0.0184129,0.446273,0.0294681,0.619031,-0.396658,335.84
-0.264332,-0.0266332,0.588663,0.0140909,0.453966,0.00977224,0.629286,-0.429999,335.796
-0.262621,-0.0196518,0.585058,0.00574502,0.461798,-0.0105808,0.639627,-0.46308,335.855
-0.246164,-0.00927781,0.548712,0.00527753,0.470007,-0.0297915,0.653802,-0.45613,335.821
-0.239866,0.00283358,0.537542,-0.006047,0.478588,-0.0502484,0.669119,-0.500491,336.083
-0.238265,0.0147423,0.535053,-0.00344069,0.487413,-0.0693378,0.682398,-0.491745,335.909
-0.230933,0.0327389,0.5191,-0.0110133,0.497139,-0.089465,0.709233,-0.531041,336.125
-0.233147,0.048895,0.530336,-0.0205579,0.50708,-0.110202,0.723369,-0.564815,336.412
-0.225044,0.0663876,0.516462,-0.030327,0.517447,-0.131036,0.74129,-0.586205,336.498
-0.236312,0.0802066,0.544048,-0.0319236,0.527959,-0.15157,0.755298,-0.602845,336.545
-0.226689,0.0949454,0.525026,-0.0360024,0.538819,-0.172287,0.772036,-0.625465,336.748
-0.229421,0.105694,0.538614,-0.0319372,0.549645,-0.192427,0.782141,-0.635109,337.109
-0.219076,0.11676,0.527093,-0.0277093,0.560703,-0.212445,0.796714,-0.651703,337.753
-0.22501,0.125076,0.56001,-0.0212878,0.571865,-0.232712,0.81029,-0.679824,338.467
-0.218792,0.132836,0.565036,-0.0172187,0.583182,-0.253352,0.824016,-0.708394,339.198
-0.21854,0.132082,0.575108,0.00741855,0.593796,-0.271787,0.820369,-0.683626,339.188
-0.217925,0.132438,0.59208,0.030637,0.604689,-0.290348,0.836622,-0.706279,340.398
-0.220322,0.130746,0.636134,0.0605246,0.615544,-0.308483,0.846883,-0.719983,341.396
-0.198593,0.132384,0.612276,0.0818883,0.626609,-0.326906,0.860204,-0.742366,342.663
-0.197571,0.133202,0.654683,0.103941,0.63772,-0.345562,0.872085,-0.769591,343.751
-0.18079,0.135812,0.644332,0.11842,0.648939,-0.36467,0.883999,-0.797141,344.902
-0.171749,0.133494,0.638552,0.145053,0.659599,-0.382077,0.882642,-0.780226,344.989
-0.160033,0.134461,0.64648,0.161948,0.670532,-0.400311,0.898019,-0.816033,347.203
-0.151699,0.131303,0.676906,0.1899,0.680955,-0.417403,0.897519,-0.813125,347.534
-0.137719,0.131466,0.700977,0.211457,0.691581,-0.43513,0.911014,-0.845977,350.236
-0.101523,0.136988,0.680792,0.22232,0.702364,-0.453463,0.921864,-0.874983,352.801
-0.0841218,0.143137,0.6867,0.239517,0.713071,-0.470915,0.929387,-0.87538,353.231
-0.0631087,0.151913,0.687534,0.248758,0.723881,-0.488975,0.940418,-0.905906,356.28
0.000234471,0.175537,-0.00798936,0.135044,0.73565,-0.511274,0.965708,-0.953439,0.358144
0.0205244,0.199003,0.697589,0.136397,0.747428,-0.531279,0.975671,-0.986619,3.01239
0.0377334,0.216198,0.716377,0.140333,0.758552,-0.551321,0.972019,-1.00903,3.01787
0.046295,0.230396,0.685461,0.138327,0.769433,-0.571658,0.977155,-1.03266,4.70974
0.0624386,0.227632,0.689004,0.133107,0.778296,-0.592521,0.944268,-1.06431,5.64643
0.0760225,0.236081,0.693787,0.126132,0.78819,-0.613813,0.959368,-1.05758,6.86017
0.113838,0.242893,0.664857,0.104827,0.797434,-0.636549,0.967166,-1.14511,12.572
0.165428,0.254406,0.675275,0.0823196,0.806518,-0.659966,0.968565,-1.18264,14.9583
0.16444,0.244508,0.637718,0.126899,0.813182,-0.67547,0.9686,-1.16922,13.96
0.183891,0.237204,0.614954,0.125384,0.81961,-0.695392,0.949717,-1.23826,19.3366
0.233815,0.254433,0.574548,0.103953,0.827957,-0.71714,0.977914,-1.22689,24.9516
0.274698,0.278748,0.539035,0.0731587,0.836669,-0.73985,0.984961,-1.24772,29.0562
0.295344,0.301735,0.495807,0.0387107,0.845147,-0.762887,0.98355,-1.26209,32.5071
0.308771,0.320036,0.454487,0.00387797,0.853088,-0.785941,0.977919,-1.27563,35.8761
0.326892,0.335096,0.432045,-0.0329463,0.860532,-0.809471,0.973981,-1.30676,38.3473
0.340517,0.338348,0.423828,-0.0518298,0.866482,-0.83137,0.948691,-1.29286,39.2118
0.35018,0.332296,0.406368,-0.0685064,0.871098,-0.853091,0.926244,-1.30897,42.2932
0.365918,0.322236,0.382387,-0.0908358,0.874759,-0.875425,0.910002,-1.34172,45.1852
0.38247,0.310678,0.376984,-0.100212,0.877664,-0.896525,0.896872,-1.33837,45.6425
0.371296,0.287688,0.344328,-0.114033,0.878993,-0.91785,0.868266,-1.36222,48.6737
0.409091,0.267988,0.347878,-0.127062,0.87959,-0.93935,0.851593,-1.38772,50.5727
0.418973,0.248339,0.340604,-0.129213,0.879474,-0.95968,0.836804,-1.38519,51.2086
0.39467,0.221853,0.308344,-0.137469,0.878305,-0.980306,0.817128,-1.40925,52.7925
0.415233,0.198001,0.312587,-0.13582,0.876452,-0.999934,0.80022,-1.41037,53.2626
0.427149,0.165399,0.305275,-0.138055,0.8727,-1.01987,0.757895,-1.43673,55.6322
0.42552,0.127711,0.280416,-0.142552,0.867505,-1.03973,0.72446,-1.45337,57.5984
0.42025,0.0867759,0.257995,-0.147416,0.86103,-1.05934,0.693452,-1.46614,59.3094
0.441184,0.0478227,0.251862,-0.150564,0.853435,-1.07867,0.662429,-1.47941,61.2485
0.41688,0.00786653,0.219295,-0.15429,0.845003,-1.09758,0.639934,-1.48745,63.2592
0.403308,-0.0295287,0.194215,-0.157024,0.835978,-1.11599,0.620834,-1.49375,65.314
0.400682,-0.0621271,0.17641,-0.15712,0.826493,-1.13378,0.602946,-1.49761,67.1606
0.384409,-0.0960306,0.154037,-0.157263,0.816086,-1.15112,0.575986,-1.50455,69.1663
0.403895,-0.121137,0.148588,-0.151009,0.805404,-1.1675,0.558713,-1.50132,70.4378
0.425664,-0.139679,0.146937,-0.136949,0.79426,-1.18271,0.536891,-1.49295,71.4734
0.400442,-0.160543,0.130122,-0.120451,0.78236,-1.197,0.512427,-1.48808,72.5239
0.410692,-0.176805,0.125018,-0.100206,0.769997,-1.21035,0.490347,-1.48218,73.6147
0.389909,-0.190363,0.110851,-0.0793473,0.757452,-1.2229,0.476389,-1.47791,74.6443
0.371195,-0.203438,0.0986592,-0.0583883,0.744503,-1.2347,0.457296,-1.4741,75.5869
0.375042,-0.200254,0.0944206,-0.0339035,0.732709,-1.24543,0.468691,-1.46349,76.1509
0.362698,-0.209334,0.0843289,-0.0161484,0.719223,-1.25615,0.422657,-1.47325,77.6711
0.343506,-0.213297,0.0726377,-0.00312989,0.706013,-1.26667,0.417009,-1.47914,78.4491
0.334073,-0.212923,0.0656474,0.00738016,0.69296,-1.27686,0.408209,-1.48231,79.3162
0.353647,-0.202598,0.0637435,0.0135783,0.680398,-1.28703,0.404002,-1.49222,80.2485
0.335113,-0.193148,0.0554193,0.0162483,0.667764,-1.29708,0.391482,-1.49919,80.9709
0.325868,-0.176848,0.0509349,0.0165076,0.655863,-1.30697,0.395033,-1.50582,81.2616
0.304579,-0.159461,0.0458713,0.0148489,0.644337,-1.3167,0.392718,-1.5118,81.609
0.331791,-0.137258,0.0472855,0.0105542,0.632999,-1.32646,0.382652,-1.52267,82.1692
0.301098,-0.119855,0.0401061,0.00366587,0.621634,-1.3362,0.373221,-1.53127,82.6566
0.258369,-0.111874,0.0324736,-0.00132599,0.609859,-1.34544,0.356836,-1.52966,83.0158
0.294985,-0.0974225,0.0354553,-0.00618718,0.598314,-1.3545,0.346699,-1.53566,83.2768
0.288503,-0.0847993,0.0336505,-0.0143136,0.58673,-1.36374,0.33475,-1.54829,83.4176
0.295407,-0.0743738,0.0341549,-0.012762,0.574868,-1.37174,0.316745,-1.53153,83.3919
0.308453,-0.0584783,0.0347774,-0.0142363,0.563516,-1.37986,0.314513,-1.54188,83.7425
0.322936,-0.0415642,0.0344783,-0.0174492,0.552225,-1.38797,0.302991,-1.55012,84.0693
0.353791,-0.0226433,0.0360812,-0.0127473,0.5409,-1.39503,0.288331,-1.53609,84.2844
0.391649,-0.00432782,0.0370222,-0.00688894,0.529162,-1.40169,0.265075,-1.53494,84.9154
0.424119,0.0156534,0.0352144,-0.00393972,0.517329,-1.40837,0.248355,-1.5421,85.5919
0.433708,0.0343906,0.0320449,0.00439125,0.505408,-1.41412,0.233858,-1.52927,85.9568
0.417326,0.0417819,0.0258918,0.0114964,0.492586,-1.41961,0.204445,-1.52881,86.9428
0.437889,0.0486424,0.0199607,0.0140773,0.479454,-1.42521,0.18355,-1.53646,87.8373
0.410485,0.0491319,0.0127518,0.0133675,0.465996,-1.43085,0.16581,-1.5422,88.604
0.427853,0.05149,0.0102095,0.0143052,0.452471,-1.43605,0.149693,-1.53864,88.6621
0.398641,0.046241,0.00768914,0.0126301,0.438451,-1.4413,0.128366,-1.54469,89.1279
0.360924,0.0308456,0.00389932,0.0107701,0.423669,-1.44635,0.10162,-1.54538,89.6342
0.315459,0.00971337,0.00117957,0.00799697,0.408618,-1.4513,0.0852159,-1.54821,89.9374
0.242581,-0.0164481,0.000318665,0.00523505,0.393705,-1.45609,0.0793856,-1.54986,89.9121
0.187787,-0.0521253,-0.000216951,0.00738916,0.378114,-1.46016,0.0552968,-1.53964,90.2203
0.12315,-0.092221,-0.000723168,0.00844145,0.362448,-1.46414,0.0440133,-1.54198,90.4526
0.0742083,-0.130723,-0.000594958,0.00881966,0.347134,-1.46803,0.0403952,-1.54386,90.4661
0.0646317,-0.165755,-0.000663917,0.0118515,0.331856,-1.47143,0.0274149,-1.5377,90.711
0.0603738,-0.19423,-0.000813809,0.0140423,0.316919,-1.47472,0.0199957,-1.53888,90.8335
0.0670226,-0.211257,-0.00092651,0.0153688,0.302809,-1.47792,0.0223422,-1.54029,90.7505
0,-0.229684,-0,0.0191032,0.289222,-1.48068,0.0252729,-1.53439,90.8528
0,-0.242396,-0,0.0237956,0.276061,-1.48311,0.020975,-1.53054,91.0136
0,-0.251998,-0,0.0274842,0.263093,-1.48545,0.0119287,-1.53091,91.1334
0,-0.252584,-0,0.0321933,0.251044,-1.48745,0.0183772,-1.52655,91.1592
0,-0.25122,-0,0.0358996,0.239225,-1.48936,0.0110786,-1.52651,91.2915
0,-0.238327,-0,0.0362558,0.228786,-1.49145,0.0280988,-1.53237,91.2596
0,-0.223993,-0,0.038029,0.21874,-1.49322,0.0257863,-1.52797,91.4316
0,-0.209307,-0,0.0390243,0.208998,-1.49492,0.0218199,-1.52825,91.5626
0,-0.191172,-0,0.0410808,0.199943,-1.49635,0.0262399,-1.52429,91.562
0,-0.173486,-0,0.0423925,0.191192,-1.4977,0.0231882,-1.52419,91.6928
0,-0.153116,-0,0.0440784,0.183119,-1.49885,0.0283791,-1.52158,91.6812
0,-0.131371,-0,0.0452815,0.175635,-1.49991,0.0322821,-1.52081,91.789
0,-0.110764,-0,0.0458568,0.168487,-1.50091,0.0314287,-1.52052,91.9226
0,-0.086074,-0,0.0431878,0.162286,-1.50215,0.0436778,-1.52675,91.8966
0,-0.0628887,-0,0.0414478,0.156465,-1.50321,0.0450342,-1.52428,91.9972
0,-0.0411582,-0,0.039352,0.151028,-1.50424,0.0467798,-1.52459,92.1286
0,-0.0220006,-0,0.038214,0.145839,-1.50509,0.0461772,-1.52192,92.0938
0,-0.00428076,-0,0.03676,0.141006,-1.5059,0.0480189,-1.52197,92.2099
0,0.0113059,-0,0.0333988,0.136437,-1.50686,0.0483838,-1.52602,92.1321
0,0.0257939,-0,0.0299144,0.132229,-1.50781,0.051003,-1.52665,92.2611
0,0.0376154,-0,0.0279544,0.128189,-1.50856,0.050046,-1.52345,92.2525
0,0.0486719,-0,0.0258457,0.124504,-1.50929,0.0530866,-1.52375,92.384
0,0.0568085,-0,0.0251047,0.120912,-1.50983,0.0511317,-1.52051,92.3368
0,0.0635858,-0,0.0250872,0.11755,-1.51023,0.0521376,-1.51828,92.4318
0,0.0701535,-0,0.0248546,0.11453,-1.5106,0.0556667,-1.51802,92.5644
0,0.0741423,-0,0.0244974,0.111569,-1.51094,0.0537298,-1.51762,92.5034
0,0.0784772,-0,0.0224264,0.108965,-1.51142,0.0580205,-1.5211,92.5458
0,0.0810423,-0,0.0211843,0.10647,-1.51179,0.0575698,-1.51921,92.6128
0,0.0845384,-0,0.0198633,0.104366,-1.51215,0.0630593,-1.51922,92.7776
0,0.0848906,-0,0.01886,0.102189,-1.51244,0.0593046,-1.51833,92.708
0,0.0848675,-0,0.0176596,0.100203,-1.51273,0.0610215,-1.51859,92.7484
0,0.0835465,-0,0.0168634,0.0982871,-1.51296,0.0604146,-1.51752,92.8356
0,0.0792267,-0,0.0162677,0.0962139,-1.51314,0.0551819,-1.5168,92.6764
0.00876759,0.0774358,-0.000419229,0.0152498,0.0944428,-1.51334,0.0586199,-1.51736,92.7987
0.00876704,0.075721,-0.00043056,0.0130568,0.0928331,-1.51366,0.060166,-1.52007,92.8245
0.0300172,0.0791834,-0.00153931,0.010828,0.0916693,-1.51398,0.065973,-1.52017,93.0467
0.0733146,0.0914667,-0.00379434,0.00478319,0.091118,-1.51472,0.0737718,-1.529,92.8786
0.0605683,0.102691,-0.00305523,-0.00297617,0.0909232,-1.51574,0.0814946,-1.53559,92.8968
0.0762382,0.117175,-0.00391443,-0.0102923,0.0911904,-1.5168,0.0893648,-1.5374,92.9817
0.0440984,0.120233,-0.00221625,-0.0154558,0.0909359,-1.51775,0.0812862,-1.53613,92.7725
0.0589807,0.123076,-0.00284687,-0.0198411,0.0906536,-1.51869,0.0791048,-1.53668,92.7543
0.0932529,0.129516,-0.00450903,-0.0241761,0.0904911,-1.51968,0.0783327,-1.53842,92.7822
0.143457,0.143442,-0.00712241,-0.0285966,0.0906971,-1.52072,0.0814588,-1.54023,92.9024
0.176133,0.152795,-0.00874927,-0.029437,0.0901957,-1.5214,0.0640317,-1.53371,92.7852
0.192879,0.161599,-0.00939965,-0.0310066,0.0895839,-1.52219,0.0596903,-1.53646,92.7948
0.196596,0.169695,-0.00961611,-0.0322949,0.0890103,-1.52298,0.0594262,-1.53727,92.8057
0.214417,0.171381,-0.0100403,-0.0308589,0.0876081,-1.52348,0.0400381,-1.53207,92.5562
0.241009,0.171235,-0.010812,-0.0289387,0.0856693,-1.52391,0.0252061,-1.53096,92.5811
0.275012,0.170642,-0.0125437,-0.0256392,0.0831943,-1.52414,0.00926812,-1.52704,92.642
0.315936,0.173904,-0.0142988,-0.0262691,0.0805426,-1.52475,-0.000305129,-1.53514,92.5407
0.348105,0.176355,-0.0153791,-0.0227665,0.0773198,-1.52488,-0.0175263,-1.52564,92.5186
0.37761,0.177679,-0.0164823,-0.0164,0.0734875,-1.5246,-0.03587,-1.51736,92.48
0.41537,0.180305,-0.0175159,-0.0140639,0.0691693,-1.52467,-0.0529334,-1.52424,92.3494
0.442486,0.184228,-0.0184514,-0.0117175,0.0645045,-1.52468,-0.0667154,-1.52294,92.4262
0.475974,0.191235,-0.0197819,-0.00714962,0.0596131,-1.52435,-0.0788586,-1.51604,92.3336
0.509463,0.197965,-0.0210842,-0.002263,0.0541333,-1.52388,-0.0987578,-1.51261,92.4061
0.50835,0.206957,-0.0222139,-0.00521399,0.0488241,-1.5242,-0.100562,-1.52847,92.5981
0.513554,0.213075,-0.0248336,-0.0085915,0.0430552,-1.52455,-0.115903,-1.52919,92.9388
0.529186,0.215376,-0.0264915,-0.0132738,0.0365356,-1.52505,-0.138524,-1.53259,92.7929
0.560457,0.218756,-0.0295168,-0.0178212,0.0295478,-1.52555,-0.15736,-1.53266,93.2365
0.569872,0.214009,-0.0327171,-0.0179563,0.0213294,-1.52555,-0.190618,-1.52241,93.3351
0.589335,0.208541,-0.0369441,-0.0187729,0.0124659,-1.52555,-0.213724,-1.52211,93.839
0.61621,0.200277,-0.0417716,-0.021116,0.00258403,-1.52564,-0.245806,-1.52377,93.9171
0.640902,0.191712,-0.0470309,-0.0235388,-0.00806664,-1.52569,-0.27352,-1.52233,94.4769
0.629549,0.174592,-0.0490422,-0.0168025,-0.0199639,-1.52466,-0.308787,-1.49987,94.4319
0.689508,0.158468,-0.0566732,-0.0199656,-0.0331335,-1.52453,-0.351837,-1.51703,94.9657
0.722929,0.141477,-0.0682207,-0.0310098,-0.0474703,-1.52517,-0.391622,-1.5317,95.816
0.718045,0.120063,-0.0793436,-0.0426178,-0.0628998,-1.52585,-0.427857,-1.53217,96.7951
0.733934,0.113604,-0.0879155,-0.0571428,-0.0775423,-1.52689,-0.427947,-1.53953,96.8663
0.733725,0.10251,-0.095903,-0.0715045,-0.0932211,-1.528,-0.463846,-1.54114,98.0271
0,-0.665244,-0,-0.683781,-0.665418,-0.68396,-0.673095,-0.69185,201.383
-0,-0.664691,-0,-0.684126,-0.665877,-0.685346,-0.6694,-0.689891,201.432
-0,-0.666507,-0,-0.682738,-0.670688,-0.687031,-0.68006,-0.690144,201.344
-0,-0.66552,-0,-0.678084,-0.676262,-0.689097,-0.689356,-0.691647,201.233
-0,-0.656873,-0,-0.667129,-0.679672,-0.690462,-0.686455,-0.689046,201.299
-0,-0.641334,-0,-0.648841,-0.68367,-0.692145,-0.69374,-0.690691,201.197
-0,-0.615288,-0,-0.620508,-0.686534,-0.69332,-0.691324,-0.688077,201.263
-0,-0.577916,-0,-0.582094,-0.688665,-0.694998,-0.689443,-0.69259,201.229
-0,-0.529036,-0,-0.532276,-0.690117,-0.696175,-0.686802,-0.690627,201.285
-0,-0.470426,-0,-0.4728,-0.691393,-0.697281,-0.686799,-0.690596,201.284
-0,-0.403708,-0,-0.405329,-0.692085,-0.697894,-0.683412,-0.688139,201.348
-0,-0.333025,-0,-0.334381,-0.692708,-0.698651,-0.687064,-0.694556,201.271
-0,-0.260674,-0,-0.262085,-0.692818,-0.698984,-0.683701,-0.692665,201.319
-0,-0.19074,-0,-0.19275,-0.692813,-0.699341,-0.685378,-0.69639,201.28
-0,-0.12529,-0,-0.128234,-0.692612,-0.69956,-0.685077,-0.697233,201.263
-0,-0.0659234,-0,-0.0704517,-0.692256,-0.699758,-0.684472,-0.698957,201.226
-0,-0.0137012,-0,-0.0198888,-0.691832,-0.699886,-0.684361,-0.699542,201.176
-0,0.0318143,-0,0.0229218,-0.691231,-0.700041,-0.682179,-0.701057,201.186
-0,0.0712824,-0,0.0590509,-0.690394,-0.700083,-0.678413,-0.700268,201.234
-0,0.101988,-0,0.0883193,-0.689889,-0.700143,-0.682909,-0.701112,201.137
-0,0.126471,-0,0.111834,-0.689401,-0.700151,-0.682782,-0.700678,201.149
0,-0.634854,-0,-0.563923,-0.63502,-0.56407,-0.642334,-0.570567,200.586
-0,-0.635789,-0,-0.565744,-0.636923,-0.566752,-0.641756,-0.572048,200.631
-0,-0.634846,-0,-0.564309,-0.638837,-0.567858,-0.642416,-0.569846,200.547
-0,-0.630069,-0,-0.560115,-0.640307,-0.569218,-0.641327,-0.570282,200.564
-0,-0.620066,-0,-0.551159,-0.641751,-0.570439,-0.641119,-0.56963,200.548
-0,-0.602867,-0,-0.535944,-0.643121,-0.571728,-0.64081,-0.570023,200.553
-0,-0.576745,-0,-0.512858,-0.644402,-0.572989,-0.640629,-0.570357,200.575
-0,-0.540446,-0,-0.480936,-0.645467,-0.574228,-0.639858,-0.571218,200.599
-0,-0.494223,-0,-0.439752,-0.646604,-0.575184,-0.64179,-0.570473,200.55
-0,-0.438782,-0,-0.390407,-0.647513,-0.575974,-0.641921,-0.570827,200.554
-0,-0.376282,-0,-0.334802,-0.648173,-0.576555,-0.642002,-0.571007,200.552
-0,-0.309537,-0,-0.275653,-0.648525,-0.576963,-0.641361,-0.571567,200.538
-0,-0.241741,-0,-0.215871,-0.648602,-0.577225,-0.64067,-0.572306,200.531
-0.10074,-0.188905,-0.269024,-0.191761,-0.648806,-0.57794,-0.641336,-0.571897,200.527
-0.100659,-0.141503,-0.269054,-0.171919,-0.649109,-0.578506,-0.644103,-0.570613,200.496
-0.0141336,-0.0881241,-0.0378793,-0.123269,-0.649231,-0.578251,-0.646475,-0.568906,200.427
-0.0104873,-0.039946,-0.0281677,-0.0782071,-0.64914,-0.577896,-0.644943,-0.568593,200.415
-0.0153923,0.000600435,-0.0413842,-0.0399752,-0.649069,-0.57742,-0.645833,-0.566433,200.389
-0.017953,0.0337602,-0.048378,-0.0071829,-0.649078,-0.57676,-0.647503,-0.563044,200.331
-0.0234808,0.0602489,-0.0633493,0.0177183,-0.649067,-0.576215,-0.647282,-0.563456,200.344
-0.0317124,0.0804647,-0.0858287,0.035769,-0.649021,-0.575565,-0.646421,-0.559702,200.213
-0.0450129,0.0943301,-0.122315,0.0444725,-0.64896,-0.575024,-0.645356,-0.558258,200.196
-0.06169,0.102871,-0.167761,0.0451182,-0.648785,-0.57438,-0.642156,-0.552469,200.184
-0.0836507,0.105526,-0.227702,0.0359321,-0.648577,-0.573758,-0.639741,-0.547457,200.16
-0.0968804,0.105014,-0.266196,0.0220889,-0.648213,-0.572964,-0.635601,-0.540335,199.838
-0.111418,0.101349,-0.311284,0.00286006,-0.647734,-0.572072,-0.631822,-0.533684,199.55
-0.121198,0.0940646,-0.342248,-0.0171857,-0.647331,-0.570798,-0.631729,-0.522689,199.451
-0.130662,0.0850859,-0.372473,-0.0392083,-0.646826,-0.569329,-0.628445,-0.514692,199.211
-0.132452,0.0773543,-0.382271,-0.0575113,-0.646004,-0.5673,-0.621614,-0.501159,199.01
-0.132041,0.0702341,-0.388598,-0.0678917,-0.64498,-0.564215,-0.616714,-0.477861,198.524
-0.138853,0.0681682,-0.426133,-0.0627313,-0.643113,-0.558596,-0.598822,-0.42273,197.572
-0.1365,0.0662787,-0.436661,-0.058196,-0.641067,-0.552568,-0.593417,-0.407486,197.146
-0.139739,0.0632657,-0.459877,-0.0533948,-0.638925,-0.545833,-0.588992,-0.38512,196.657
-0.140367,0.0591668,-0.470523,-0.0484901,-0.636741,-0.538565,-0.585721,-0.366324,196.564
-0.136343,0.0571512,-0.467825,-0.0356915,-0.634228,-0.530013,-0.577189,-0.333379,195.932
-0.132702,0.0551521,-0.469425,-0.0233841,-0.631608,-0.52099,-0.572636,-0.314723,195.638
-0.133833,0.0529265,-0.484851,-0.0130603,-0.628853,-0.51147,-0.567026,-0.293986,195.224
-0.133521,0.0500161,-0.493485,-0.00505243,-0.626045,-0.501598,-0.563073,-0.27616,195.056
-0.133099,0.0473008,-0.501308,0.0026049,-0.623103,-0.491175,-0.557432,-0.254185,194.683
-0.13927,0.0443616,-0.537637,0.00611897,-0.619986,-0.48024,-0.55033,-0.230022,194.363
-0.133739,0.0395401,-0.522033,0.0119367,-0.617061,-0.468804,-0.551326,-0.209838,194.376
-0.136234,0.0354177,-0.534847,0.018066,-0.613955,-0.456684,-0.544394,-0.183148,194.204
-0.134293,0.0297742,-0.533967,0.0235025,-0.610986,-0.444178,-0.544051,-0.162893,194.03
-0.130077,0.0262919,-0.524602,0.0330797,-0.607794,-0.43086,-0.536744,-0.134372,193.822
-0.128915,0.0215407,-0.531733,0.0403964,-0.604714,-0.417191,-0.535767,-0.113021,193.434
-0.121468,0.0209475,-0.520925,0.0606962,-0.601232,-0.401681,-0.525034,-0.0626824,192.817
-0.117539,0.0210825,-0.528368,0.0833684,-0.597648,-0.385112,-0.51969,-0.0249541,192.266
-0.114966,0.0219074,-0.53601,0.105299,-0.593941,-0.367787,-0.513751,0.00769509,191.945
-0.108652,0.0213731,-0.518317,0.119904,-0.590396,-0.350821,-0.513788,0.016376,191.733
-0.103841,0.0225131,-0.518212,0.140004,-0.58667,-0.332602,-0.506848,0.0590741,190.929
-0.0925565,0.0240322,-0.497637,0.1622,-0.582984,-0.313722,-0.504832,0.0890677,190.144
-0.0868288,0.0247057,-0.50164,0.180252,-0.579408,-0.294536,-0.503783,0.114686,189.496
-0.0806712,0.0247455,-0.49674,0.194295,-0.575942,-0.275204,-0.502904,0.136522,188.952
-0.0774647,0.0237129,-0.50371,0.201528,-0.572612,-0.255949,-0.502426,0.154986,188.534
-0.0734421,0.0209485,-0.501625,0.206559,-0.569528,-0.236465,-0.504384,0.178895,188.125
-0.0660918,0.0177172,-0.473657,0.209833,-0.566623,-0.217108,-0.505507,0.193614,187.762
-0.064739,0.0147011,-0.477603,0.210916,-0.563754,-0.197546,-0.503365,0.217587,187.677
-0.0608919,0.00877069,-0.453698,0.203766,-0.561318,-0.178907,-0.509625,0.216392,187.611
-0.0596475,0.00139207,-0.45118,0.19558,-0.559165,-0.160228,-0.512972,0.235855,187.451
-0.0560946,-0.00513266,-0.426161,0.191176,-0.557091,-0.141306,-0.512629,0.257595,187.546
-0.0528249,-0.0122174,-0.401641,0.18216,-0.555253,-0.123087,-0.515573,0.260128,187.439
-0.0458639,-0.0185693,-0.353997,0.177186,-0.553573,-0.105008,-0.51744,0.271557,187.325
